PLACEKEY,business_type,SPEND_DATE_RANGE_START,SPEND_DATE_RANGE_END,RAW_TOTAL_SPEND,RAW_NUM_TRANSACTIONS,RAW_NUM_CUSTOMERS,MEDIAN_SPEND_PER_TRANSACTION,MEDIAN_SPEND_PER_CUSTOMER,spend_weekday_morning,spend_weekday_lunch,spend_weekday_afternoon,spend_weekday_evening,spend_weekday_night,spend_weekend_day,spend_weekend_evening,pct_weekday_morning,pct_weekday_lunch,pct_weekday_afternoon,pct_weekday_evening,pct_weekday_night,pct_weekend_day,pct_weekend_evening
222-224@62j-sj3-33q,restaurant,2022-08-01 00:00:00.000,2022-09-01 00:00:00.000,6364.7,126,92,41.5,48.15,0.0,0.0,0.0,0.0,0.0,0.0,0.0,0.0,0.0,0.0,0.0,0.0,0.0,0.0
23s-223@62j-sj2-435,restaurant,2022-08-01 00:00:00.000,2022-09-01 00:00:00.000,1813.01,43,34,29.75,38.0,0.0,0.0,0.0,0.0,0.0,0.0,0.0,0.0,0.0,0.0,0.0,0.0,0.0,0.0
22d-222@62j-sjv-9zz,restaurant,2022-08-01 00:00:00.000,2022-09-01 00:00:00.000,1068.06,37,31,25.29,32.07,0.0,0.0,0.0,0.0,0.0,0.0,0.0,0.0,0.0,0.0,0.0,0.0,0.0,0.0
237-223@62j-sjw-v9f,service,2022-08-01 00:00:00.000,2022-09-01 00:00:00.000,1128.09,5,5,214.0,214.0,0.0,0.0,0.0,0.0,0.0,0.0,0.0,0.0,0.0,0.0,0.0,0.0,0.0,0.0
zzw-222@62j-sk3-649,service,2022-08-01 00:00:00.000,2022-09-01 00:00:00.000,884.67,29,26,14.0,15.63,0.0,0.0,0.0,0.0,0.0,0.0,0.0,0.0,0.0,0.0,0.0,0.0,0.0,0.0
24z-222@62j-sjv-975,retail,2022-08-01 00:00:00.000,2022-09-01 00:00:00.000,414.43,5,3,98.64,197.28,0.0,0.0,0.0,0.0,0.0,0.0,0.0,0.0,0.0,0.0,0.0,0.0,0.0,0.0
223-222@62j-sjs-575,wired_and_wireless_telecommunications_carriers,2022-08-01 00:00:00.000,2022-09-01 00:00:00.000,3192.67,8,8,179.51,179.51,0.0,0.0,0.0,0.0,0.0,0.0,0.0,0.0,0.0,0.0,0.0,0.0,0.0,0.0
226-222@62j-sjv-q75,restaurant,2022-08-01 00:00:00.000,2022-09-01 00:00:00.000,2816.7,11,9,227.28,295.77,0.0,0.0,0.0,0.0,0.0,0.0,0.0,0.0,0.0,0.0,0.0,0.0,0.0,0.0
228-223@62j-sjv-9zz,restaurant,2022-08-01 00:00:00.000,2022-09-01 00:00:00.000,594.19,39,24,12.3,16.54,0.0,0.0,0.0,0.0,0.0,0.0,0.0,0.0,0.0,0.0,0.0,0.0,0.0,0.0
24q-222@62j-sjv-8qf,automobile_dealers,2022-08-01 00:00:00.000,2022-09-01 00:00:00.000,407.61,55,35,4.95,9.9,0.0,0.0,0.0,0.0,0.0,0.0,0.0,0.0,0.0,0.0,0.0,0.0,0.0,0.0
22t-222@62j-sj2-sqz,restaurant,2022-08-01 00:00:00.000,2022-09-01 00:00:00.000,2640.4,92,65,21.19,29.0,0.0,0.0,0.0,0.0,0.0,0.0,0.0,0.0,0.0,0.0,0.0,0.0,0.0,0.0
236-223@62j-sjv-99f,clothing_stores,2022-08-01 00:00:00.000,2022-09-01 00:00:00.000,4116.02,30,28,83.05,133.5,0.0,0.0,0.0,0.0,0.0,0.0,0.0,0.0,0.0,0.0,0.0,0.0,0.0,0.0
zzw-22j@62j-shx-jy9,"sporting_goods,_hobby,_and_musical_instrument_stores",2022-08-01 00:00:00.000,2022-09-01 00:00:00.000,285.17,8,7,21.14,22.29,0.0,0.0,0.0,0.0,0.0,0.0,0.0,0.0,0.0,0.0,0.0,0.0,0.0,0.0
24d-222@62j-sj3-89z,building_material_and_supplies_dealers,2022-08-01 00:00:00.000,2022-09-01 00:00:00.000,655.95,5,3,100.89,201.78,0.0,0.0,0.0,0.0,0.0,0.0,0.0,0.0,0.0,0.0,0.0,0.0,0.0,0.0
zzw-222@62j-sgg-jvz,service,2022-08-01 00:00:00.000,2022-09-01 00:00:00.000,53.21,3,2,19.11,26.61,0.0,0.0,0.0,0.0,0.0,0.0,0.0,0.0,0.0,0.0,0.0,0.0,0.0,0.0
zzw-23t@62j-shx-k9f,clothing_stores,2022-08-01 00:00:00.000,2022-09-01 00:00:00.000,179.97,4,4,48.99,48.99,0.0,0.0,0.0,0.0,0.0,0.0,0.0,0.0,0.0,0.0,0.0,0.0,0.0,0.0
zzy-222@62j-sjt-4y9,restaurant,2022-08-01 00:00:00.000,2022-09-01 00:00:00.000,827.78,115,63,5.76,6.8,0.0,0.0,0.0,0.0,0.0,0.0,0.0,0.0,0.0,0.0,0.0,0.0,0.0,0.0
227-222@62j-sjv-bc5,service,2022-08-01 00:00:00.000,2022-09-01 00:00:00.000,248.0,5,5,58.0,58.0,0.0,0.0,0.0,0.0,0.0,0.0,0.0,0.0,0.0,0.0,0.0,0.0,0.0,0.0
223-222@62j-sgg-fs5,electronics_and_appliance_stores,2022-08-01 00:00:00.000,2022-09-01 00:00:00.000,96751.53,309,248,95.61,124.28,0.0,0.0,0.0,0.0,0.0,0.0,0.0,0.0,0.0,0.0,0.0,0.0,0.0,0.0
234-222@62j-sj2-rkz,offices_of_other_health_practitioners,2022-08-01 00:00:00.000,2022-09-01 00:00:00.000,1299.0,5,5,200.0,200.0,0.0,0.0,0.0,0.0,0.0,0.0,0.0,0.0,0.0,0.0,0.0,0.0,0.0,0.0
22t-222@62j-shx-tjv,wired_and_wireless_telecommunications_carriers,2022-08-01 00:00:00.000,2022-09-01 00:00:00.000,232.49,2,2,116.25,116.25,0.0,0.0,0.0,0.0,0.0,0.0,0.0,0.0,0.0,0.0,0.0,0.0,0.0,0.0
22z-222@62j-shx-j7q,restaurant,2022-08-01 00:00:00.000,2022-09-01 00:00:00.000,316.23,17,13,22.24,24.62,0.0,0.0,0.0,0.0,0.0,0.0,0.0,0.0,0.0,0.0,0.0,0.0,0.0,0.0
zzw-222@62j-sj2-f9f,restaurant,2022-08-01 00:00:00.000,2022-09-01 00:00:00.000,1962.49,37,28,42.17,49.14,0.0,0.0,0.0,0.0,0.0,0.0,0.0,0.0,0.0,0.0,0.0,0.0,0.0,0.0
zzw-22d@62j-shx-tjv,"jewelry,_luggage,_and_leather_goods_stores",2022-08-01 00:00:00.000,2022-09-01 00:00:00.000,398.45,2,2,199.23,199.23,0.0,0.0,0.0,0.0,0.0,0.0,0.0,0.0,0.0,0.0,0.0,0.0,0.0,0.0
zzw-22f@62j-shx-jy9,department_stores,2022-08-01 00:00:00.000,2022-09-01 00:00:00.000,4910.23,125,113,27.97,30.09,0.0,0.0,0.0,0.0,0.0,0.0,0.0,0.0,0.0,0.0,0.0,0.0,0.0,0.0
zzw-222@62j-sjs-575,restaurant,2022-08-01 00:00:00.000,2022-09-01 00:00:00.000,2970.86,159,115,12.57,16.69,0.0,0.0,0.0,0.0,0.0,0.0,0.0,0.0,0.0,0.0,0.0,0.0,0.0,0.0
234-223@62j-sjy-7yv,service,2022-08-01 00:00:00.000,2022-09-01 00:00:00.000,647.0,11,4,62.0,114.5,0.0,0.0,0.0,0.0,0.0,0.0,0.0,0.0,0.0,0.0,0.0,0.0,0.0,0.0
225-222@62j-sj2-t35,restaurant,2022-08-01 00:00:00.000,2022-09-01 00:00:00.000,85.6,7,5,12.79,13.86,0.0,0.0,0.0,0.0,0.0,0.0,0.0,0.0,0.0,0.0,0.0,0.0,0.0,0.0
22f-223@62j-sk2-zzz,restaurant,2022-08-01 00:00:00.000,2022-09-01 00:00:00.000,485.42,6,5,86.56,95.18,0.0,0.0,0.0,0.0,0.0,0.0,0.0,0.0,0.0,0.0,0.0,0.0,0.0,0.0
24m-223@62j-sjv-9zz,restaurant,2022-08-01 00:00:00.000,2022-09-01 00:00:00.000,6072.17,121,86,29.0,39.61,0.0,0.0,0.0,0.0,0.0,0.0,0.0,0.0,0.0,0.0,0.0,0.0,0.0,0.0
26n-222@62j-sj2-vmk,restaurant,2022-08-01 00:00:00.000,2022-09-01 00:00:00.000,818.47,75,35,10.16,14.14,0.0,0.0,0.0,0.0,0.0,0.0,0.0,0.0,0.0,0.0,0.0,0.0,0.0,0.0
26n-224@62j-sjv-j7q,restaurant,2022-08-01 00:00:00.000,2022-09-01 00:00:00.000,408.49,3,3,136.98,136.98,0.0,0.0,0.0,0.0,0.0,0.0,0.0,0.0,0.0,0.0,0.0,0.0,0.0,0.0
223-222@62j-sk2-tsq,restaurant,2022-08-01 00:00:00.000,2022-09-01 00:00:00.000,341.14,7,6,52.43,38.52,0.0,0.0,0.0,0.0,0.0,0.0,0.0,0.0,0.0,0.0,0.0,0.0,0.0,0.0
23v-222@62j-sjv-8y9,traveler_accommodation,2022-08-01 00:00:00.000,2022-09-01 00:00:00.000,1636.54,4,2,410.88,818.27,0.0,0.0,0.0,0.0,0.0,0.0,0.0,0.0,0.0,0.0,0.0,0.0,0.0,0.0
zzw-222@62j-sjr-zpv,grocery_stores,2022-08-01 00:00:00.000,2022-09-01 00:00:00.000,46693.37,709,355,39.54,59.0,0.0,0.0,0.0,0.0,0.0,0.0,0.0,0.0,0.0,0.0,0.0,0.0,0.0,0.0
229-222@62j-sj2-rzf,restaurant,2022-08-01 00:00:00.000,2022-09-01 00:00:00.000,794.22,19,15,38.0,40.84,0.0,0.0,0.0,0.0,0.0,0.0,0.0,0.0,0.0,0.0,0.0,0.0,0.0,0.0
235-222@62j-sj2-syv,restaurant,2022-08-01 00:00:00.000,2022-09-01 00:00:00.000,83.72,9,5,10.38,16.32,0.0,0.0,0.0,0.0,0.0,0.0,0.0,0.0,0.0,0.0,0.0,0.0,0.0,0.0
zzw-225@62j-sjv-8y9,restaurant,2022-08-01 00:00:00.000,2022-09-01 00:00:00.000,237.95,7,4,23.67,55.76,0.0,0.0,0.0,0.0,0.0,0.0,0.0,0.0,0.0,0.0,0.0,0.0,0.0,0.0
234-222@62j-sk2-tsq,restaurant,2022-08-01 00:00:00.000,2022-09-01 00:00:00.000,964.91,32,21,32.34,35.15,0.0,0.0,0.0,0.0,0.0,0.0,0.0,0.0,0.0,0.0,0.0,0.0,0.0,0.0
zzy-222@62j-sj2-7dv,motion_picture_and_video_industries,2022-08-01 00:00:00.000,2022-09-01 00:00:00.000,2632.63,136,87,19.81,21.03,0.0,0.0,0.0,0.0,0.0,0.0,0.0,0.0,0.0,0.0,0.0,0.0,0.0,0.0
zzw-228@62j-shx-k9f,clothing_stores,2022-08-01 00:00:00.000,2022-09-01 00:00:00.000,227.0,4,2,56.75,113.5,0.0,0.0,0.0,0.0,0.0,0.0,0.0,0.0,0.0,0.0,0.0,0.0,0.0,0.0
227-224@62j-sjz-jqf,service,2022-08-01 00:00:00.000,2022-09-01 00:00:00.000,84.35,2,2,42.18,42.18,0.0,0.0,0.0,0.0,0.0,0.0,0.0,0.0,0.0,0.0,0.0,0.0,0.0,0.0
23b-222@62j-sjs-yqf,service,2022-08-01 00:00:00.000,2022-09-01 00:00:00.000,87.5,4,4,19.75,19.75,0.0,0.0,0.0,0.0,0.0,0.0,0.0,0.0,0.0,0.0,0.0,0.0,0.0,0.0
zzw-227@62j-sj2-s5z,restaurant,2022-08-01 00:00:00.000,2022-09-01 00:00:00.000,7139.49,138,110,48.1,53.6,0.0,0.0,0.0,0.0,0.0,0.0,0.0,0.0,0.0,0.0,0.0,0.0,0.0,0.0
zzz-223@62j-sjr-z9f,"museums,_historical_sites,_and_similar_institutions",2022-08-01 00:00:00.000,2022-09-01 00:00:00.000,161.73,5,3,20.68,41.36,0.0,0.0,0.0,0.0,0.0,0.0,0.0,0.0,0.0,0.0,0.0,0.0,0.0,0.0
zzw-222@62j-shx-jvz,restaurant,2022-08-01 00:00:00.000,2022-09-01 00:00:00.000,1052.39,51,46,17.24,18.79,0.0,0.0,0.0,0.0,0.0,0.0,0.0,0.0,0.0,0.0,0.0,0.0,0.0,0.0
24w-222@62j-sk2-w8v,service,2022-08-01 00:00:00.000,2022-09-01 00:00:00.000,750.0,2,2,375.0,375.0,0.0,0.0,0.0,0.0,0.0,0.0,0.0,0.0,0.0,0.0,0.0,0.0,0.0,0.0
25d-222@62j-sj2-p35,restaurant,2022-08-01 00:00:00.000,2022-09-01 00:00:00.000,1398.28,30,26,37.09,34.94,0.0,0.0,0.0,0.0,0.0,0.0,0.0,0.0,0.0,0.0,0.0,0.0,0.0,0.0
23h-222@62j-sj3-9mk,building_material_and_supplies_dealers,2022-08-01 00:00:00.000,2022-09-01 00:00:00.000,1086.48,47,26,18.03,25.25,0.0,0.0,0.0,0.0,0.0,0.0,0.0,0.0,0.0,0.0,0.0,0.0,0.0,0.0
26z-222@62j-sjv-j7q,other_transit_and_ground_passenger_transportation,2022-08-01 00:00:00.000,2022-09-01 00:00:00.000,802.58,90,51,5.82,12.0,0.0,0.0,0.0,0.0,0.0,0.0,0.0,0.0,0.0,0.0,0.0,0.0,0.0,0.0
zzw-22s@62j-shx-tjv,health_and_personal_care_stores,2022-08-01 00:00:00.000,2022-09-01 00:00:00.000,3861.2,185,147,9.87,15.22,0.0,0.0,0.0,0.0,0.0,0.0,0.0,0.0,0.0,0.0,0.0,0.0,0.0,0.0
226-22d@62j-sk2-vcq,restaurant,2022-08-01 00:00:00.000,2022-09-01 00:00:00.000,100.0,3,2,24.0,50.0,0.0,0.0,0.0,0.0,0.0,0.0,0.0,0.0,0.0,0.0,0.0,0.0,0.0,0.0
zzw-22b@62j-sk2-vs5,restaurant,2022-08-01 00:00:00.000,2022-09-01 00:00:00.000,1020.22,35,32,21.84,23.71,0.0,0.0,0.0,0.0,0.0,0.0,0.0,0.0,0.0,0.0,0.0,0.0,0.0,0.0
226-222@62j-sj2-c3q,restaurant,2022-08-01 00:00:00.000,2022-09-01 00:00:00.000,10877.76,190,144,33.83,41.99,0.0,0.0,0.0,0.0,0.0,0.0,0.0,0.0,0.0,0.0,0.0,0.0,0.0,0.0
25h-222@62j-sk3-249,restaurant,2022-08-01 00:00:00.000,2022-09-01 00:00:00.000,5323.02,429,240,10.0,12.39,0.0,0.0,0.0,0.0,0.0,0.0,0.0,0.0,0.0,0.0,0.0,0.0,0.0,0.0
zzw-22c@62j-sk2-vs5,restaurant,2022-08-01 00:00:00.000,2022-09-01 00:00:00.000,404.5,19,16,15.23,15.25,0.0,0.0,0.0,0.0,0.0,0.0,0.0,0.0,0.0,0.0,0.0,0.0,0.0,0.0
zzw-22q@62j-shx-k9f,restaurant,2022-08-01 00:00:00.000,2022-09-01 00:00:00.000,1253.87,94,76,12.44,14.32,0.0,0.0,0.0,0.0,0.0,0.0,0.0,0.0,0.0,0.0,0.0,0.0,0.0,0.0
22c-222@62j-sj3-9mk,drinking_places_(alcoholic_beverages),2022-08-01 00:00:00.000,2022-09-01 00:00:00.000,3210.58,81,55,34.0,52.0,0.0,0.0,0.0,0.0,0.0,0.0,0.0,0.0,0.0,0.0,0.0,0.0,0.0,0.0
22s-226@62j-sjv-bc5,restaurant,2022-08-01 00:00:00.000,2022-09-01 00:00:00.000,354.47,17,12,13.51,16.57,0.0,0.0,0.0,0.0,0.0,0.0,0.0,0.0,0.0,0.0,0.0,0.0,0.0,0.0
zzw-226@62j-sjv-9fz,retail,2022-08-01 00:00:00.000,2022-09-01 00:00:00.000,28.0,2,2,14.0,14.0,0.0,0.0,0.0,0.0,0.0,0.0,0.0,0.0,0.0,0.0,0.0,0.0,0.0,0.0
zzw-227@62j-shx-tjv,shoe_stores,2022-08-01 00:00:00.000,2022-09-01 00:00:00.000,413.29,3,3,139.88,139.88,0.0,0.0,0.0,0.0,0.0,0.0,0.0,0.0,0.0,0.0,0.0,0.0,0.0,0.0
23t-223@62j-sj2-s5z,grocery_stores,2022-08-01 00:00:00.000,2022-09-01 00:00:00.000,449.07,43,34,8.48,9.02,0.0,0.0,0.0,0.0,0.0,0.0,0.0,0.0,0.0,0.0,0.0,0.0,0.0,0.0
25y-222@62j-sj2-jn5,service,2022-08-01 00:00:00.000,2022-09-01 00:00:00.000,428.5,6,6,72.25,72.25,0.0,0.0,0.0,0.0,0.0,0.0,0.0,0.0,0.0,0.0,0.0,0.0,0.0,0.0
27g-222@62j-sj2-jqf,electronics_and_appliance_stores,2022-08-01 00:00:00.000,2022-09-01 00:00:00.000,963.64,6,6,142.9,142.9,0.0,0.0,0.0,0.0,0.0,0.0,0.0,0.0,0.0,0.0,0.0,0.0,0.0,0.0
zzw-225@62j-sjs-3yv,restaurant,2022-08-01 00:00:00.000,2022-09-01 00:00:00.000,1966.35,189,139,8.98,10.8,0.0,0.0,0.0,0.0,0.0,0.0,0.0,0.0,0.0,0.0,0.0,0.0,0.0,0.0
222-222@62j-sj3-47q,traveler_accommodation,2022-08-01 00:00:00.000,2022-09-01 00:00:00.000,21986.83,74,58,62.43,120.23,0.0,0.0,0.0,0.0,0.0,0.0,0.0,0.0,0.0,0.0,0.0,0.0,0.0,0.0
23f-222@62j-sjs-6x5,service,2022-08-01 00:00:00.000,2022-09-01 00:00:00.000,272.45,8,4,24.5,62.16,0.0,0.0,0.0,0.0,0.0,0.0,0.0,0.0,0.0,0.0,0.0,0.0,0.0,0.0
23f-223@62j-sjv-975,grocery_stores,2022-08-01 00:00:00.000,2022-09-01 00:00:00.000,3555.07,273,136,10.61,15.42,0.0,0.0,0.0,0.0,0.0,0.0,0.0,0.0,0.0,0.0,0.0,0.0,0.0,0.0
22x-222@62j-sk3-2c5,restaurant,2022-08-01 00:00:00.000,2022-09-01 00:00:00.000,50.24,3,2,16.38,25.12,0.0,0.0,0.0,0.0,0.0,0.0,0.0,0.0,0.0,0.0,0.0,0.0,0.0,0.0
23j-222@62j-sjy-c89,offices_of_dentists,2022-08-01 00:00:00.000,2022-09-01 00:00:00.000,1092.8,4,2,273.2,546.4,0.0,0.0,0.0,0.0,0.0,0.0,0.0,0.0,0.0,0.0,0.0,0.0,0.0,0.0
23p-222@62j-sj2-5j9,restaurant,2022-08-01 00:00:00.000,2022-09-01 00:00:00.000,2341.5,26,24,68.3,57.52,0.0,0.0,0.0,0.0,0.0,0.0,0.0,0.0,0.0,0.0,0.0,0.0,0.0,0.0
236-222@62j-sj2-hnq,restaurant,2022-08-01 00:00:00.000,2022-09-01 00:00:00.000,87.56,9,8,8.56,8.56,0.0,0.0,0.0,0.0,0.0,0.0,0.0,0.0,0.0,0.0,0.0,0.0,0.0,0.0
229-222@62j-sjv-99f,restaurant,2022-08-01 00:00:00.000,2022-09-01 00:00:00.000,14764.76,155,124,71.92,88.9,0.0,0.0,0.0,0.0,0.0,0.0,0.0,0.0,0.0,0.0,0.0,0.0,0.0,0.0
22b-222@62j-sk2-y5f,restaurant,2022-08-01 00:00:00.000,2022-09-01 00:00:00.000,1089.57,118,67,8.24,10.5,0.0,0.0,0.0,0.0,0.0,0.0,0.0,0.0,0.0,0.0,0.0,0.0,0.0,0.0
23h-222@62j-sjv-g6k,restaurant,2022-08-01 00:00:00.000,2022-09-01 00:00:00.000,57.09,3,3,20.0,20.0,0.0,0.0,0.0,0.0,0.0,0.0,0.0,0.0,0.0,0.0,0.0,0.0,0.0,0.0
23y-222@62j-sjv-bc5,restaurant,2022-08-01 00:00:00.000,2022-09-01 00:00:00.000,2927.43,174,113,13.8,18.12,0.0,0.0,0.0,0.0,0.0,0.0,0.0,0.0,0.0,0.0,0.0,0.0,0.0,0.0
28v-222@62j-sjv-j7q,offices_of_other_health_practitioners,2022-08-01 00:00:00.000,2022-09-01 00:00:00.000,5198.85,10,7,246.5,59.0,0.0,0.0,0.0,0.0,0.0,0.0,0.0,0.0,0.0,0.0,0.0,0.0,0.0,0.0
zzz-222@62j-sjv-d35,"museums,_historical_sites,_and_similar_institutions",2022-08-01 00:00:00.000,2022-09-01 00:00:00.000,1418.3,42,29,25.13,39.61,0.0,0.0,0.0,0.0,0.0,0.0,0.0,0.0,0.0,0.0,0.0,0.0,0.0,0.0
228-224@62j-sjv-b6k,clothing_stores,2022-08-01 00:00:00.000,2022-09-01 00:00:00.000,1126.63,30,22,35.74,47.48,0.0,0.0,0.0,0.0,0.0,0.0,0.0,0.0,0.0,0.0,0.0,0.0,0.0,0.0
zzw-223@62j-sjv-9mk,clothing_stores,2022-08-01 00:00:00.000,2022-09-01 00:00:00.000,2891.23,49,43,46.96,48.65,0.0,0.0,0.0,0.0,0.0,0.0,0.0,0.0,0.0,0.0,0.0,0.0,0.0,0.0
226-222@62j-sj3-5j9,restaurant,2022-08-01 00:00:00.000,2022-09-01 00:00:00.000,1832.95,114,80,14.39,17.1,0.0,0.0,0.0,0.0,0.0,0.0,0.0,0.0,0.0,0.0,0.0,0.0,0.0,0.0
23x-222@62j-sjv-9zz,restaurant,2022-08-01 00:00:00.000,2022-09-01 00:00:00.000,3026.64,226,147,9.58,13.05,0.0,0.0,0.0,0.0,0.0,0.0,0.0,0.0,0.0,0.0,0.0,0.0,0.0,0.0
245-223@62j-sjv-c5z,restaurant,2022-08-01 00:00:00.000,2022-09-01 00:00:00.000,4160.15,321,194,10.0,11.36,0.0,0.0,0.0,0.0,0.0,0.0,0.0,0.0,0.0,0.0,0.0,0.0,0.0,0.0
zzw-227@62j-shx-k9f,restaurant,2022-08-01 00:00:00.000,2022-09-01 00:00:00.000,997.73,64,54,13.83,13.83,0.0,0.0,0.0,0.0,0.0,0.0,0.0,0.0,0.0,0.0,0.0,0.0,0.0,0.0
223-224@62j-sj2-snq,service,2022-08-01 00:00:00.000,2022-09-01 00:00:00.000,2994.0,83,54,29.0,49.0,0.0,0.0,0.0,0.0,0.0,0.0,0.0,0.0,0.0,0.0,0.0,0.0,0.0,0.0
233-223@62j-sk3-249,service,2022-08-01 00:00:00.000,2022-09-01 00:00:00.000,288.65,9,8,24.3,21.65,0.0,0.0,0.0,0.0,0.0,0.0,0.0,0.0,0.0,0.0,0.0,0.0,0.0,0.0
23k-222@62j-sj2-mkz,grocery_stores,2022-08-01 00:00:00.000,2022-09-01 00:00:00.000,378.33,27,16,9.98,17.47,0.0,0.0,0.0,0.0,0.0,0.0,0.0,0.0,0.0,0.0,0.0,0.0,0.0,0.0
23w-222@62j-sj2-4vz,restaurant,2022-08-01 00:00:00.000,2022-09-01 00:00:00.000,537.72,72,43,6.14,11.31,0.0,0.0,0.0,0.0,0.0,0.0,0.0,0.0,0.0,0.0,0.0,0.0,0.0,0.0
242-222@62j-sj3-9fz,service,2022-08-01 00:00:00.000,2022-09-01 00:00:00.000,556.65,7,4,42.2,112.7,0.0,0.0,0.0,0.0,0.0,0.0,0.0,0.0,0.0,0.0,0.0,0.0,0.0,0.0
249-222@62j-sjv-bc5,clothing_stores,2022-08-01 00:00:00.000,2022-09-01 00:00:00.000,3695.9,102,58,29.64,47.92,0.0,0.0,0.0,0.0,0.0,0.0,0.0,0.0,0.0,0.0,0.0,0.0,0.0,0.0
2k3-222@62j-sj2-jjv,restaurant,2022-08-01 00:00:00.000,2022-09-01 00:00:00.000,898.77,39,20,18.85,35.5,0.0,0.0,0.0,0.0,0.0,0.0,0.0,0.0,0.0,0.0,0.0,0.0,0.0,0.0
22r-222@62j-shx-jgk,service,2022-08-01 00:00:00.000,2022-09-01 00:00:00.000,181.12,2,2,90.56,90.56,0.0,0.0,0.0,0.0,0.0,0.0,0.0,0.0,0.0,0.0,0.0,0.0,0.0,0.0
22x-222@62j-sj2-ffz,restaurant,2022-08-01 00:00:00.000,2022-09-01 00:00:00.000,428.29,11,9,36.49,36.6,0.0,0.0,0.0,0.0,0.0,0.0,0.0,0.0,0.0,0.0,0.0,0.0,0.0,0.0
2hb-222@62j-sj2-jjv,retail,2022-08-01 00:00:00.000,2022-09-01 00:00:00.000,676.78,23,21,20.0,20.0,0.0,0.0,0.0,0.0,0.0,0.0,0.0,0.0,0.0,0.0,0.0,0.0,0.0,0.0
23g-222@62j-sjv-975,other_amusement_and_recreation_industries,2022-08-01 00:00:00.000,2022-09-01 00:00:00.000,755.25,9,8,71.56,65.78,0.0,0.0,0.0,0.0,0.0,0.0,0.0,0.0,0.0,0.0,0.0,0.0,0.0,0.0
22b-223@62j-sk2-y5f,book_stores_and_news_dealers,2022-08-01 00:00:00.000,2022-09-01 00:00:00.000,7010.71,208,151,28.62,36.1,0.0,0.0,0.0,0.0,0.0,0.0,0.0,0.0,0.0,0.0,0.0,0.0,0.0,0.0
zzw-228@62j-sjv-9mk,health_and_personal_care_stores,2022-08-01 00:00:00.000,2022-09-01 00:00:00.000,716.66,4,4,172.53,172.53,0.0,0.0,0.0,0.0,0.0,0.0,0.0,0.0,0.0,0.0,0.0,0.0,0.0,0.0
zzy-222@62j-sjv-9zz,restaurant,2022-08-01 00:00:00.000,2022-09-01 00:00:00.000,2263.01,121,108,15.49,17.25,0.0,0.0,0.0,0.0,0.0,0.0,0.0,0.0,0.0,0.0,0.0,0.0,0.0,0.0
zzw-238@62j-shx-k9f,service,2022-08-01 00:00:00.000,2022-09-01 00:00:00.000,190.0,4,4,45.0,45.0,0.0,0.0,0.0,0.0,0.0,0.0,0.0,0.0,0.0,0.0,0.0,0.0,0.0,0.0
22r-223@62j-sj2-6hq,beverage_manufacturing,2022-08-01 00:00:00.000,2022-09-01 00:00:00.000,3416.17,133,99,19.2,28.75,0.0,0.0,0.0,0.0,0.0,0.0,0.0,0.0,0.0,0.0,0.0,0.0,0.0,0.0
227-222@62j-sjs-575,"beer,_wine,_and_liquor_stores",2022-08-01 00:00:00.000,2022-09-01 00:00:00.000,1134.55,56,41,17.59,20.99,0.0,0.0,0.0,0.0,0.0,0.0,0.0,0.0,0.0,0.0,0.0,0.0,0.0,0.0
224-223@62j-sj2-rkz,restaurant,2022-08-01 00:00:00.000,2022-09-01 00:00:00.000,78.1,6,6,11.37,11.37,0.0,0.0,0.0,0.0,0.0,0.0,0.0,0.0,0.0,0.0,0.0,0.0,0.0,0.0
zzw-222@62j-sj3-2kz,other_amusement_and_recreation_industries,2022-08-01 00:00:00.000,2022-09-01 00:00:00.000,278.5,2,2,139.25,139.25,0.0,0.0,0.0,0.0,0.0,0.0,0.0,0.0,0.0,0.0,0.0,0.0,0.0,0.0
22b-222@62j-sk2-zvf,restaurant,2022-08-01 00:00:00.000,2022-09-01 00:00:00.000,313.08,4,2,78.27,156.54,0.0,0.0,0.0,0.0,0.0,0.0,0.0,0.0,0.0,0.0,0.0,0.0,0.0,0.0
zzy-22b@62j-sk2-vmk,"general_merchandise_stores,_including_warehouse_clubs_and_supercenters",2022-08-01 00:00:00.000,2022-09-01 00:00:00.000,22228.74,611,385,20.62,33.03,0.0,0.0,0.0,0.0,0.0,0.0,0.0,0.0,0.0,0.0,0.0,0.0,0.0,0.0
24w-222@62j-sk3-649,service,2022-08-01 00:00:00.000,2022-09-01 00:00:00.000,306.5,2,2,153.25,153.25,0.0,0.0,0.0,0.0,0.0,0.0,0.0,0.0,0.0,0.0,0.0,0.0,0.0,0.0
222-226@62j-sgg-kfz,restaurant,2022-08-01 00:00:00.000,2022-09-01 00:00:00.000,18.0,6,3,3.0,6.0,0.0,0.0,0.0,0.0,0.0,0.0,0.0,0.0,0.0,0.0,0.0,0.0,0.0,0.0
zzw-227@62j-sj2-p35,restaurant,2022-08-01 00:00:00.000,2022-09-01 00:00:00.000,2340.21,181,126,8.79,13.95,0.0,0.0,0.0,0.0,0.0,0.0,0.0,0.0,0.0,0.0,0.0,0.0,0.0,0.0
24q-222@62j-sk2-v2k,service,2022-08-01 00:00:00.000,2022-09-01 00:00:00.000,37.69,3,3,9.45,9.45,0.0,0.0,0.0,0.0,0.0,0.0,0.0,0.0,0.0,0.0,0.0,0.0,0.0,0.0
225-223@62j-sjv-qmk,traveler_accommodation,2022-08-01 00:00:00.000,2022-09-01 00:00:00.000,2093.01,22,17,29.28,52.41,0.0,0.0,0.0,0.0,0.0,0.0,0.0,0.0,0.0,0.0,0.0,0.0,0.0,0.0
zzw-226@62j-sj2-rkz,health_and_personal_care_stores,2022-08-01 00:00:00.000,2022-09-01 00:00:00.000,7485.04,412,267,10.93,17.07,0.0,0.0,0.0,0.0,0.0,0.0,0.0,0.0,0.0,0.0,0.0,0.0,0.0,0.0
22s-222@62j-sjt-3qz,restaurant,2022-08-01 00:00:00.000,2022-09-01 00:00:00.000,449.19,4,4,101.91,101.91,0.0,0.0,0.0,0.0,0.0,0.0,0.0,0.0,0.0,0.0,0.0,0.0,0.0,0.0
22d-222@62j-sjt-kxq,restaurant,2022-08-01 00:00:00.000,2022-09-01 00:00:00.000,4465.12,282,194,12.81,17.39,0.0,0.0,0.0,0.0,0.0,0.0,0.0,0.0,0.0,0.0,0.0,0.0,0.0,0.0
253-222@62j-sk3-66k,restaurant,2022-08-01 00:00:00.000,2022-09-01 00:00:00.000,1108.37,96,57,9.23,12.78,0.0,0.0,0.0,0.0,0.0,0.0,0.0,0.0,0.0,0.0,0.0,0.0,0.0,0.0
222-222@62j-sj2-t35,book_stores_and_news_dealers,2022-08-01 00:00:00.000,2022-09-01 00:00:00.000,1155.65,21,16,28.69,35.63,0.0,0.0,0.0,0.0,0.0,0.0,0.0,0.0,0.0,0.0,0.0,0.0,0.0,0.0
zzw-233@62j-shx-k9f,restaurant,2022-08-01 00:00:00.000,2022-09-01 00:00:00.000,761.66,62,51,11.0,11.61,0.0,0.0,0.0,0.0,0.0,0.0,0.0,0.0,0.0,0.0,0.0,0.0,0.0,0.0
236-222@62j-sk2-v2k,restaurant,2022-08-01 00:00:00.000,2022-09-01 00:00:00.000,4663.98,91,72,48.92,56.7,0.0,0.0,0.0,0.0,0.0,0.0,0.0,0.0,0.0,0.0,0.0,0.0,0.0,0.0
26t-222@62j-sj2-xbk,"beer,_wine,_and_liquor_stores",2022-08-01 00:00:00.000,2022-09-01 00:00:00.000,3570.98,107,43,24.98,49.96,0.0,0.0,0.0,0.0,0.0,0.0,0.0,0.0,0.0,0.0,0.0,0.0,0.0,0.0
zzw-222@62j-sj2-c3q,"sporting_goods,_hobby,_and_musical_instrument_stores",2022-08-01 00:00:00.000,2022-09-01 00:00:00.000,1112.34,23,17,32.88,46.7,0.0,0.0,0.0,0.0,0.0,0.0,0.0,0.0,0.0,0.0,0.0,0.0,0.0,0.0
272-222@62j-sj2-p35,"beer,_wine,_and_liquor_stores",2022-08-01 00:00:00.000,2022-09-01 00:00:00.000,4374.25,179,104,17.99,25.13,0.0,0.0,0.0,0.0,0.0,0.0,0.0,0.0,0.0,0.0,0.0,0.0,0.0,0.0
22c-222@62j-sj2-7yv,service,2022-08-01 00:00:00.000,2022-09-01 00:00:00.000,765.0,11,9,45.0,45.0,0.0,0.0,0.0,0.0,0.0,0.0,0.0,0.0,0.0,0.0,0.0,0.0,0.0,0.0
24w-226@62j-sk3-649,service,2022-08-01 00:00:00.000,2022-09-01 00:00:00.000,1196.7,8,7,81.55,80.5,0.0,0.0,0.0,0.0,0.0,0.0,0.0,0.0,0.0,0.0,0.0,0.0,0.0,0.0
zzw-224@62j-sk2-zvf,restaurant,2022-08-01 00:00:00.000,2022-09-01 00:00:00.000,3765.45,19,15,187.61,252.65,0.0,0.0,0.0,0.0,0.0,0.0,0.0,0.0,0.0,0.0,0.0,0.0,0.0,0.0
223-223@62j-sjs-2tv,offices_of_other_health_practitioners,2022-08-01 00:00:00.000,2022-09-01 00:00:00.000,1123.76,10,7,35.0,50.0,0.0,0.0,0.0,0.0,0.0,0.0,0.0,0.0,0.0,0.0,0.0,0.0,0.0,0.0
22j-222@62j-sj2-bx5,restaurant,2022-08-01 00:00:00.000,2022-09-01 00:00:00.000,130.91,10,9,13.1,13.36,0.0,0.0,0.0,0.0,0.0,0.0,0.0,0.0,0.0,0.0,0.0,0.0,0.0,0.0
zzy-224@62j-sk2-vs5,health_and_personal_care_stores,2022-08-01 00:00:00.000,2022-09-01 00:00:00.000,11961.14,502,295,14.0,23.9,0.0,0.0,0.0,0.0,0.0,0.0,0.0,0.0,0.0,0.0,0.0,0.0,0.0,0.0
227-229@62j-sjz-jqf,service,2022-08-01 00:00:00.000,2022-09-01 00:00:00.000,222.56,5,5,36.18,36.18,0.0,0.0,0.0,0.0,0.0,0.0,0.0,0.0,0.0,0.0,0.0,0.0,0.0,0.0
23h-222@62j-sj4-vmk,florists,2022-08-01 00:00:00.000,2022-09-01 00:00:00.000,327.21,5,5,48.88,48.88,0.0,0.0,0.0,0.0,0.0,0.0,0.0,0.0,0.0,0.0,0.0,0.0,0.0,0.0
229-222@62j-sjz-j5f,building_material_and_supplies_dealers,2022-08-01 00:00:00.000,2022-09-01 00:00:00.000,2223.97,11,8,63.7,123.23,0.0,0.0,0.0,0.0,0.0,0.0,0.0,0.0,0.0,0.0,0.0,0.0,0.0,0.0
zzw-223@62j-sjv-7yv,"jewelry,_luggage,_and_leather_goods_stores",2022-08-01 00:00:00.000,2022-09-01 00:00:00.000,1543.31,47,30,26.55,38.75,0.0,0.0,0.0,0.0,0.0,0.0,0.0,0.0,0.0,0.0,0.0,0.0,0.0,0.0
222-223@62j-shx-5xq,service,2022-08-01 00:00:00.000,2022-09-01 00:00:00.000,17185.0,3,3,7195.0,7195.0,0.0,0.0,0.0,0.0,0.0,0.0,0.0,0.0,0.0,0.0,0.0,0.0,0.0,0.0
222-223@62j-sj3-2x5,restaurant,2022-08-01 00:00:00.000,2022-09-01 00:00:00.000,3942.62,214,177,14.46,18.41,0.0,0.0,0.0,0.0,0.0,0.0,0.0,0.0,0.0,0.0,0.0,0.0,0.0,0.0
23b-222@62j-sj2-6hq,grocery_stores,2022-08-01 00:00:00.000,2022-09-01 00:00:00.000,8.97,2,2,4.49,4.49,0.0,0.0,0.0,0.0,0.0,0.0,0.0,0.0,0.0,0.0,0.0,0.0,0.0,0.0
zzw-225@62j-sj2-54v,restaurant,2022-08-01 00:00:00.000,2022-09-01 00:00:00.000,606.61,41,20,14.14,18.37,0.0,0.0,0.0,0.0,0.0,0.0,0.0,0.0,0.0,0.0,0.0,0.0,0.0,0.0
227-222@62j-sjv-99f,restaurant,2022-08-01 00:00:00.000,2022-09-01 00:00:00.000,879.92,7,6,106.46,151.33,0.0,0.0,0.0,0.0,0.0,0.0,0.0,0.0,0.0,0.0,0.0,0.0,0.0,0.0
243-222@62j-sjv-bc5,restaurant,2022-08-01 00:00:00.000,2022-09-01 00:00:00.000,6388.58,86,59,59.8,62.4,0.0,0.0,0.0,0.0,0.0,0.0,0.0,0.0,0.0,0.0,0.0,0.0,0.0,0.0
23c-222@62j-sj2-mkz,health_and_personal_care_stores,2022-08-01 00:00:00.000,2022-09-01 00:00:00.000,587.07,18,17,19.31,25.0,0.0,0.0,0.0,0.0,0.0,0.0,0.0,0.0,0.0,0.0,0.0,0.0,0.0,0.0
zzw-222@62j-sjv-85f,book_stores_and_news_dealers,2022-08-01 00:00:00.000,2022-09-01 00:00:00.000,23329.56,697,342,12.1,35.86,0.0,0.0,0.0,0.0,0.0,0.0,0.0,0.0,0.0,0.0,0.0,0.0,0.0,0.0
227-222@62j-sjs-tqf,other_miscellaneous_manufacturing,2022-08-01 00:00:00.000,2022-09-01 00:00:00.000,1098.57,6,5,231.64,252.24,0.0,0.0,0.0,0.0,0.0,0.0,0.0,0.0,0.0,0.0,0.0,0.0,0.0,0.0
zzw-222@62j-sgg-kvf,grocery_stores,2022-08-01 00:00:00.000,2022-09-01 00:00:00.000,19280.13,376,184,32.97,50.29,0.0,0.0,0.0,0.0,0.0,0.0,0.0,0.0,0.0,0.0,0.0,0.0,0.0,0.0
243-22g@62j-sjt-kxq,restaurant,2022-08-01 00:00:00.000,2022-09-01 00:00:00.000,31.0,2,2,15.5,15.5,0.0,0.0,0.0,0.0,0.0,0.0,0.0,0.0,0.0,0.0,0.0,0.0,0.0,0.0
228-222@62j-sjv-bc5,wired_and_wireless_telecommunications_carriers,2022-08-01 00:00:00.000,2022-09-01 00:00:00.000,307.52,5,5,43.75,43.75,0.0,0.0,0.0,0.0,0.0,0.0,0.0,0.0,0.0,0.0,0.0,0.0,0.0,0.0
248-222@62j-sjv-8qf,health_and_personal_care_stores,2022-08-01 00:00:00.000,2022-09-01 00:00:00.000,1498.11,76,54,12.26,17.23,0.0,0.0,0.0,0.0,0.0,0.0,0.0,0.0,0.0,0.0,0.0,0.0,0.0,0.0
225-222@62j-sgg-d9z,other_amusement_and_recreation_industries,2022-08-01 00:00:00.000,2022-09-01 00:00:00.000,574.57,25,15,12.0,24.0,0.0,0.0,0.0,0.0,0.0,0.0,0.0,0.0,0.0,0.0,0.0,0.0,0.0,0.0
23t-222@62j-sgg-j7q,restaurant,2022-08-01 00:00:00.000,2022-09-01 00:00:00.000,996.71,84,35,9.22,15.12,0.0,0.0,0.0,0.0,0.0,0.0,0.0,0.0,0.0,0.0,0.0,0.0,0.0,0.0
242-222@62j-sjv-975,"jewelry,_luggage,_and_leather_goods_stores",2022-08-01 00:00:00.000,2022-09-01 00:00:00.000,726.88,12,11,55.75,60.5,0.0,0.0,0.0,0.0,0.0,0.0,0.0,0.0,0.0,0.0,0.0,0.0,0.0,0.0
228-223@62j-sj2-s5z,social_advocacy_organizations,2022-08-01 00:00:00.000,2022-09-01 00:00:00.000,173.23,5,2,11.03,86.62,0.0,0.0,0.0,0.0,0.0,0.0,0.0,0.0,0.0,0.0,0.0,0.0,0.0,0.0
zzw-22h@62j-shx-k9f,service,2022-08-01 00:00:00.000,2022-09-01 00:00:00.000,62.25,3,3,17.25,17.25,0.0,0.0,0.0,0.0,0.0,0.0,0.0,0.0,0.0,0.0,0.0,0.0,0.0,0.0
226-22c@62j-sk2-vcq,restaurant,2022-08-01 00:00:00.000,2022-09-01 00:00:00.000,234.46,30,21,5.46,5.46,0.0,0.0,0.0,0.0,0.0,0.0,0.0,0.0,0.0,0.0,0.0,0.0,0.0,0.0
22q-222@62j-sk2-vzz,"beer,_wine,_and_liquor_stores",2022-08-01 00:00:00.000,2022-09-01 00:00:00.000,1665.46,126,36,8.0,19.13,0.0,0.0,0.0,0.0,0.0,0.0,0.0,0.0,0.0,0.0,0.0,0.0,0.0,0.0
zzw-222@62j-sj3-5xq,restaurant,2022-08-01 00:00:00.000,2022-09-01 00:00:00.000,2726.92,28,25,85.62,93.83,0.0,0.0,0.0,0.0,0.0,0.0,0.0,0.0,0.0,0.0,0.0,0.0,0.0,0.0
22d-222@62j-sj2-6tv,"general_merchandise_stores,_including_warehouse_clubs_and_supercenters",2022-08-01 00:00:00.000,2022-09-01 00:00:00.000,586.19,52,32,8.91,10.36,0.0,0.0,0.0,0.0,0.0,0.0,0.0,0.0,0.0,0.0,0.0,0.0,0.0,0.0
22p-222@62j-sj2-sdv,restaurant,2022-08-01 00:00:00.000,2022-09-01 00:00:00.000,1135.57,16,14,71.53,73.21,0.0,0.0,0.0,0.0,0.0,0.0,0.0,0.0,0.0,0.0,0.0,0.0,0.0,0.0
22p-222@62j-sj3-9mk,restaurant,2022-08-01 00:00:00.000,2022-09-01 00:00:00.000,71.07,9,5,3.94,16.03,0.0,0.0,0.0,0.0,0.0,0.0,0.0,0.0,0.0,0.0,0.0,0.0,0.0,0.0
zzw-222@62j-shx-k9f,shoe_stores,2022-08-01 00:00:00.000,2022-09-01 00:00:00.000,121.6,6,6,20.98,20.98,0.0,0.0,0.0,0.0,0.0,0.0,0.0,0.0,0.0,0.0,0.0,0.0,0.0,0.0
224-222@62j-sjr-zpv,"beer,_wine,_and_liquor_stores",2022-08-01 00:00:00.000,2022-09-01 00:00:00.000,6037.07,139,92,26.98,36.79,0.0,0.0,0.0,0.0,0.0,0.0,0.0,0.0,0.0,0.0,0.0,0.0,0.0,0.0
22r-222@62j-sj2-6hq,restaurant,2022-08-01 00:00:00.000,2022-09-01 00:00:00.000,19.25,3,2,5.75,9.63,0.0,0.0,0.0,0.0,0.0,0.0,0.0,0.0,0.0,0.0,0.0,0.0,0.0,0.0
248-223@62j-sjv-b6k,restaurant,2022-08-01 00:00:00.000,2022-09-01 00:00:00.000,568.12,43,26,9.63,19.26,0.0,0.0,0.0,0.0,0.0,0.0,0.0,0.0,0.0,0.0,0.0,0.0,0.0,0.0
zzy-222@62j-sj2-vs5,service,2022-08-01 00:00:00.000,2022-09-01 00:00:00.000,1480.0,14,10,100.0,170.0,0.0,0.0,0.0,0.0,0.0,0.0,0.0,0.0,0.0,0.0,0.0,0.0,0.0,0.0
zzw-227@62j-shx-jy9,restaurant,2022-08-01 00:00:00.000,2022-09-01 00:00:00.000,96.99,11,10,7.68,7.58,0.0,0.0,0.0,0.0,0.0,0.0,0.0,0.0,0.0,0.0,0.0,0.0,0.0,0.0
222-222@62j-sgg-gkz,furniture_stores,2022-08-01 00:00:00.000,2022-09-01 00:00:00.000,80.76,4,4,21.25,21.25,0.0,0.0,0.0,0.0,0.0,0.0,0.0,0.0,0.0,0.0,0.0,0.0,0.0,0.0
zzy-223@62j-shx-hbk,lessors_of_real_estate,2022-08-01 00:00:00.000,2022-09-01 00:00:00.000,115.0,9,7,15.0,15.0,0.0,0.0,0.0,0.0,0.0,0.0,0.0,0.0,0.0,0.0,0.0,0.0,0.0,0.0
223-222@62j-sgg-fpv,grocery_stores,2022-08-01 00:00:00.000,2022-09-01 00:00:00.000,30922.69,765,426,27.45,49.05,0.0,0.0,0.0,0.0,0.0,0.0,0.0,0.0,0.0,0.0,0.0,0.0,0.0,0.0
222-222@62j-sjv-975,restaurant,2022-08-01 00:00:00.000,2022-09-01 00:00:00.000,87.76,4,2,21.94,43.88,0.0,0.0,0.0,0.0,0.0,0.0,0.0,0.0,0.0,0.0,0.0,0.0,0.0,0.0
223-222@62j-sjs-2tv,gasoline_stations,2022-08-01 00:00:00.000,2022-09-01 00:00:00.000,358.5,9,8,35.0,35.0,0.0,0.0,0.0,0.0,0.0,0.0,0.0,0.0,0.0,0.0,0.0,0.0,0.0,0.0
23s-222@62j-sk3-66k,"beer,_wine,_and_liquor_stores",2022-08-01 00:00:00.000,2022-09-01 00:00:00.000,704.97,26,12,27.37,55.5,0.0,0.0,0.0,0.0,0.0,0.0,0.0,0.0,0.0,0.0,0.0,0.0,0.0,0.0
22x-222@62j-sj2-rkz,retail,2022-08-01 00:00:00.000,2022-09-01 00:00:00.000,3164.43,103,85,20.48,26.49,0.0,0.0,0.0,0.0,0.0,0.0,0.0,0.0,0.0,0.0,0.0,0.0,0.0,0.0
zzw-22g@62j-shx-k9f,health_and_personal_care_stores,2022-08-01 00:00:00.000,2022-09-01 00:00:00.000,654.49,2,2,327.25,327.25,0.0,0.0,0.0,0.0,0.0,0.0,0.0,0.0,0.0,0.0,0.0,0.0,0.0,0.0
23v-222@62j-sj2-5j9,gasoline_stations,2022-08-01 00:00:00.000,2022-09-01 00:00:00.000,16289.87,71,61,45.01,45.01,0.0,0.0,0.0,0.0,0.0,0.0,0.0,0.0,0.0,0.0,0.0,0.0,0.0,0.0
zzw-222@62j-sj2-s5z,used_merchandise_stores,2022-08-01 00:00:00.000,2022-09-01 00:00:00.000,1175.99,87,73,9.99,10.61,0.0,0.0,0.0,0.0,0.0,0.0,0.0,0.0,0.0,0.0,0.0,0.0,0.0,0.0
225-222@62j-sjv-9mk,health_and_personal_care_stores,2022-08-01 00:00:00.000,2022-09-01 00:00:00.000,242.26,4,4,63.22,63.22,0.0,0.0,0.0,0.0,0.0,0.0,0.0,0.0,0.0,0.0,0.0,0.0,0.0,0.0
zzw-224@62j-sjv-8y9,restaurant,2022-08-01 00:00:00.000,2022-09-01 00:00:00.000,1905.99,35,27,54.04,46.1,0.0,0.0,0.0,0.0,0.0,0.0,0.0,0.0,0.0,0.0,0.0,0.0,0.0,0.0
zzw-23n@62j-shx-k9f,wired_and_wireless_telecommunications_carriers,2022-08-01 00:00:00.000,2022-09-01 00:00:00.000,141.48,3,3,21.24,21.24,0.0,0.0,0.0,0.0,0.0,0.0,0.0,0.0,0.0,0.0,0.0,0.0,0.0,0.0
222-222@62j-sj3-4n5,other_amusement_and_recreation_industries,2022-08-01 00:00:00.000,2022-09-01 00:00:00.000,365.45,51,14,6.84,21.72,0.0,0.0,0.0,0.0,0.0,0.0,0.0,0.0,0.0,0.0,0.0,0.0,0.0,0.0
228-224@62j-sgg-fpv,service,2022-08-01 00:00:00.000,2022-09-01 00:00:00.000,2260.0,33,30,75.0,75.0,0.0,0.0,0.0,0.0,0.0,0.0,0.0,0.0,0.0,0.0,0.0,0.0,0.0,0.0
zzy-226@62j-sj2-jn5,restaurant,2022-08-01 00:00:00.000,2022-09-01 00:00:00.000,1369.74,26,23,36.38,41.5,0.0,0.0,0.0,0.0,0.0,0.0,0.0,0.0,0.0,0.0,0.0,0.0,0.0,0.0
222-222@62j-sjy-7t9,automotive_repair_and_maintenance,2022-08-01 00:00:00.000,2022-09-01 00:00:00.000,535.6,6,5,86.96,108.92,0.0,0.0,0.0,0.0,0.0,0.0,0.0,0.0,0.0,0.0,0.0,0.0,0.0,0.0
235-222@62j-sjz-jqf,restaurant,2022-08-01 00:00:00.000,2022-09-01 00:00:00.000,762.83,89,54,6.73,9.85,0.0,0.0,0.0,0.0,0.0,0.0,0.0,0.0,0.0,0.0,0.0,0.0,0.0,0.0
226-223@62j-shx-jjv,used_merchandise_stores,2022-08-01 00:00:00.000,2022-09-01 00:00:00.000,2540.52,19,16,28.05,33.0,0.0,0.0,0.0,0.0,0.0,0.0,0.0,0.0,0.0,0.0,0.0,0.0,0.0,0.0
238-222@62j-sjv-9mk,book_stores_and_news_dealers,2022-08-01 00:00:00.000,2022-09-01 00:00:00.000,649.16,38,30,10.57,15.62,0.0,0.0,0.0,0.0,0.0,0.0,0.0,0.0,0.0,0.0,0.0,0.0,0.0,0.0
25d-223@62j-sjv-9zz,restaurant,2022-08-01 00:00:00.000,2022-09-01 00:00:00.000,1820.84,288,175,5.08,6.33,0.0,0.0,0.0,0.0,0.0,0.0,0.0,0.0,0.0,0.0,0.0,0.0,0.0,0.0
zzw-222@62j-sj3-4d9,restaurant,2022-08-01 00:00:00.000,2022-09-01 00:00:00.000,210.96,14,8,13.38,18.19,0.0,0.0,0.0,0.0,0.0,0.0,0.0,0.0,0.0,0.0,0.0,0.0,0.0,0.0
zzy-222@62j-sj3-49z,restaurant,2022-08-01 00:00:00.000,2022-09-01 00:00:00.000,1731.88,194,133,6.8,9.84,0.0,0.0,0.0,0.0,0.0,0.0,0.0,0.0,0.0,0.0,0.0,0.0,0.0,0.0
229-222@62j-sjv-975,clothing_stores,2022-08-01 00:00:00.000,2022-09-01 00:00:00.000,2311.51,36,31,38.33,40.48,0.0,0.0,0.0,0.0,0.0,0.0,0.0,0.0,0.0,0.0,0.0,0.0,0.0,0.0
zzw-222@62j-sk3-66k,restaurant,2022-08-01 00:00:00.000,2022-09-01 00:00:00.000,3667.08,57,40,53.0,74.13,0.0,0.0,0.0,0.0,0.0,0.0,0.0,0.0,0.0,0.0,0.0,0.0,0.0,0.0
zzw-223@62j-sk2-vcq,"office_supplies,_stationery,_and_gift_stores",2022-08-01 00:00:00.000,2022-09-01 00:00:00.000,453.76,20,17,12.21,13.81,0.0,0.0,0.0,0.0,0.0,0.0,0.0,0.0,0.0,0.0,0.0,0.0,0.0,0.0
zzw-222@62j-sj2-54v,restaurant,2022-08-01 00:00:00.000,2022-09-01 00:00:00.000,3573.35,81,43,30.68,62.69,0.0,0.0,0.0,0.0,0.0,0.0,0.0,0.0,0.0,0.0,0.0,0.0,0.0,0.0
27c-222@62j-sjv-8jv,electronic_and_precision_equipment_repair_and_maintenance,2022-08-01 00:00:00.000,2022-09-01 00:00:00.000,430.62,3,2,115.81,215.31,0.0,0.0,0.0,0.0,0.0,0.0,0.0,0.0,0.0,0.0,0.0,0.0,0.0,0.0
249-222@62j-sk2-w8v,service,2022-08-01 00:00:00.000,2022-09-01 00:00:00.000,290.31,9,6,8.0,29.53,0.0,0.0,0.0,0.0,0.0,0.0,0.0,0.0,0.0,0.0,0.0,0.0,0.0,0.0
24d-222@62j-sk2-w8v,home_furnishings_stores,2022-08-01 00:00:00.000,2022-09-01 00:00:00.000,219.42,7,7,20.9,20.9,0.0,0.0,0.0,0.0,0.0,0.0,0.0,0.0,0.0,0.0,0.0,0.0,0.0,0.0
zzw-222@62j-sjx-26k,other_amusement_and_recreation_industries,2022-08-01 00:00:00.000,2022-09-01 00:00:00.000,1472.0,34,26,27.0,28.5,0.0,0.0,0.0,0.0,0.0,0.0,0.0,0.0,0.0,0.0,0.0,0.0,0.0,0.0
23d-223@62j-sk2-zvf,restaurant,2022-08-01 00:00:00.000,2022-09-01 00:00:00.000,1334.32,31,25,30.0,44.17,0.0,0.0,0.0,0.0,0.0,0.0,0.0,0.0,0.0,0.0,0.0,0.0,0.0,0.0
22z-222@62j-sk3-2c5,retail,2022-08-01 00:00:00.000,2022-09-01 00:00:00.000,74.75,6,6,10.63,10.63,0.0,0.0,0.0,0.0,0.0,0.0,0.0,0.0,0.0,0.0,0.0,0.0,0.0,0.0
23x-222@62j-sj2-wx5,restaurant,2022-08-01 00:00:00.000,2022-09-01 00:00:00.000,74.37,6,3,13.46,14.97,0.0,0.0,0.0,0.0,0.0,0.0,0.0,0.0,0.0,0.0,0.0,0.0,0.0,0.0
22p-222@62j-sk3-2c5,restaurant,2022-08-01 00:00:00.000,2022-09-01 00:00:00.000,101.1,7,6,9.51,9.25,0.0,0.0,0.0,0.0,0.0,0.0,0.0,0.0,0.0,0.0,0.0,0.0,0.0,0.0
229-222@62j-sj2-s3q,restaurant,2022-08-01 00:00:00.000,2022-09-01 00:00:00.000,1168.61,11,10,78.95,87.36,0.0,0.0,0.0,0.0,0.0,0.0,0.0,0.0,0.0,0.0,0.0,0.0,0.0,0.0
24w-223@62j-sk3-649,clothing_stores,2022-08-01 00:00:00.000,2022-09-01 00:00:00.000,526.9,6,4,102.0,155.85,0.0,0.0,0.0,0.0,0.0,0.0,0.0,0.0,0.0,0.0,0.0,0.0,0.0,0.0
254-222@62j-sk2-p7q,restaurant,2022-08-01 00:00:00.000,2022-09-01 00:00:00.000,117.35,7,3,16.99,32.68,0.0,0.0,0.0,0.0,0.0,0.0,0.0,0.0,0.0,0.0,0.0,0.0,0.0,0.0
zzw-227@62j-sjv-9mk,restaurant,2022-08-01 00:00:00.000,2022-09-01 00:00:00.000,16140.46,849,449,14.64,24.48,0.0,0.0,0.0,0.0,0.0,0.0,0.0,0.0,0.0,0.0,0.0,0.0,0.0,0.0
224-222@62j-sjr-z9f,gasoline_stations,2022-08-01 00:00:00.000,2022-09-01 00:00:00.000,3826.49,87,56,47.01,56.35,0.0,0.0,0.0,0.0,0.0,0.0,0.0,0.0,0.0,0.0,0.0,0.0,0.0,0.0
227-224@62j-sjv-b6k,restaurant,2022-08-01 00:00:00.000,2022-09-01 00:00:00.000,2574.06,49,39,49.96,51.65,0.0,0.0,0.0,0.0,0.0,0.0,0.0,0.0,0.0,0.0,0.0,0.0,0.0,0.0
23s-222@62j-sj2-t35,grocery_stores,2022-08-01 00:00:00.000,2022-09-01 00:00:00.000,1971.91,109,52,14.28,20.37,0.0,0.0,0.0,0.0,0.0,0.0,0.0,0.0,0.0,0.0,0.0,0.0,0.0,0.0
224-223@62j-sk2-tqf,traveler_accommodation,2022-08-01 00:00:00.000,2022-09-01 00:00:00.000,2638.91,7,7,312.03,312.03,0.0,0.0,0.0,0.0,0.0,0.0,0.0,0.0,0.0,0.0,0.0,0.0,0.0,0.0
226-223@62j-sjv-9mk,restaurant,2022-08-01 00:00:00.000,2022-09-01 00:00:00.000,1772.02,24,23,48.8,50.9,0.0,0.0,0.0,0.0,0.0,0.0,0.0,0.0,0.0,0.0,0.0,0.0,0.0,0.0
228-222@62j-sjv-fzz,restaurant,2022-08-01 00:00:00.000,2022-09-01 00:00:00.000,182.65,4,3,52.9,32.95,0.0,0.0,0.0,0.0,0.0,0.0,0.0,0.0,0.0,0.0,0.0,0.0,0.0,0.0
234-222@62j-sj2-p35,clothing_stores,2022-08-01 00:00:00.000,2022-09-01 00:00:00.000,401.95,7,7,35.0,35.0,0.0,0.0,0.0,0.0,0.0,0.0,0.0,0.0,0.0,0.0,0.0,0.0,0.0,0.0
25x-222@62j-sj2-j9z,restaurant,2022-08-01 00:00:00.000,2022-09-01 00:00:00.000,38.78,5,4,6.64,8.77,0.0,0.0,0.0,0.0,0.0,0.0,0.0,0.0,0.0,0.0,0.0,0.0,0.0,0.0
zzw-222@62j-sjs-yqf,restaurant,2022-08-01 00:00:00.000,2022-09-01 00:00:00.000,469.21,6,6,81.97,81.97,0.0,0.0,0.0,0.0,0.0,0.0,0.0,0.0,0.0,0.0,0.0,0.0,0.0,0.0
zzw-224@62j-sj2-t35,depository_credit_intermediation,2022-08-01 00:00:00.000,2022-09-01 00:00:00.000,892.0,4,4,223.0,223.0,0.0,0.0,0.0,0.0,0.0,0.0,0.0,0.0,0.0,0.0,0.0,0.0,0.0,0.0
zzw-22z@62j-shx-k9f,health_and_personal_care_stores,2022-08-01 00:00:00.000,2022-09-01 00:00:00.000,870.86,30,30,29.54,29.54,0.0,0.0,0.0,0.0,0.0,0.0,0.0,0.0,0.0,0.0,0.0,0.0,0.0,0.0
zzw-228@62j-sj2-p35,restaurant,2022-08-01 00:00:00.000,2022-09-01 00:00:00.000,1514.13,74,50,14.44,23.06,0.0,0.0,0.0,0.0,0.0,0.0,0.0,0.0,0.0,0.0,0.0,0.0,0.0,0.0
222-222@62j-sj3-3bk,restaurant,2022-08-01 00:00:00.000,2022-09-01 00:00:00.000,781.3,13,10,74.27,63.18,0.0,0.0,0.0,0.0,0.0,0.0,0.0,0.0,0.0,0.0,0.0,0.0,0.0,0.0
22k-222@62j-sjv-ndv,electronics_and_appliance_stores,2022-08-01 00:00:00.000,2022-09-01 00:00:00.000,252.78,4,2,65.2,126.39,0.0,0.0,0.0,0.0,0.0,0.0,0.0,0.0,0.0,0.0,0.0,0.0,0.0,0.0
226-222@62j-sjy-7nq,restaurant,2022-08-01 00:00:00.000,2022-09-01 00:00:00.000,196.01,8,6,23.6,31.98,0.0,0.0,0.0,0.0,0.0,0.0,0.0,0.0,0.0,0.0,0.0,0.0,0.0,0.0
222-222@62j-sjt-575,drinking_places_(alcoholic_beverages),2022-08-01 00:00:00.000,2022-09-01 00:00:00.000,8149.13,74,57,87.19,111.38,0.0,0.0,0.0,0.0,0.0,0.0,0.0,0.0,0.0,0.0,0.0,0.0,0.0,0.0
233-222@62j-sj3-9mk,restaurant,2022-08-01 00:00:00.000,2022-09-01 00:00:00.000,594.78,34,23,14.29,24.67,0.0,0.0,0.0,0.0,0.0,0.0,0.0,0.0,0.0,0.0,0.0,0.0,0.0,0.0
24w-222@62j-sk3-249,grocery_stores,2022-08-01 00:00:00.000,2022-09-01 00:00:00.000,33.18,3,2,9.63,16.59,0.0,0.0,0.0,0.0,0.0,0.0,0.0,0.0,0.0,0.0,0.0,0.0,0.0,0.0
223-222@62j-sk2-y5f,grocery_stores,2022-08-01 00:00:00.000,2022-09-01 00:00:00.000,27162.47,736,368,22.99,44.97,0.0,0.0,0.0,0.0,0.0,0.0,0.0,0.0,0.0,0.0,0.0,0.0,0.0,0.0
zzw-22q@62j-shx-tjv,clothing_stores,2022-08-01 00:00:00.000,2022-09-01 00:00:00.000,78.87,3,3,21.94,21.94,0.0,0.0,0.0,0.0,0.0,0.0,0.0,0.0,0.0,0.0,0.0,0.0,0.0,0.0
22g-222@62j-sj2-t35,restaurant,2022-08-01 00:00:00.000,2022-09-01 00:00:00.000,813.82,39,29,15.98,22.71,0.0,0.0,0.0,0.0,0.0,0.0,0.0,0.0,0.0,0.0,0.0,0.0,0.0,0.0
27v-222@62j-sk3-649,restaurant,2022-08-01 00:00:00.000,2022-09-01 00:00:00.000,152.26,8,7,9.67,9.25,0.0,0.0,0.0,0.0,0.0,0.0,0.0,0.0,0.0,0.0,0.0,0.0,0.0,0.0
24y-224@62j-sjv-9zz,consumer_goods_rental,2022-08-01 00:00:00.000,2022-09-01 00:00:00.000,738.29,32,12,21.23,44.6,0.0,0.0,0.0,0.0,0.0,0.0,0.0,0.0,0.0,0.0,0.0,0.0,0.0,0.0
26x-222@62j-sj2-8gk,lessors_of_real_estate,2022-08-01 00:00:00.000,2022-09-01 00:00:00.000,224.62,4,2,56.16,112.31,0.0,0.0,0.0,0.0,0.0,0.0,0.0,0.0,0.0,0.0,0.0,0.0,0.0,0.0
24b-222@62j-sjv-g8v,restaurant,2022-08-01 00:00:00.000,2022-09-01 00:00:00.000,42.54,3,2,12.18,21.27,0.0,0.0,0.0,0.0,0.0,0.0,0.0,0.0,0.0,0.0,0.0,0.0,0.0,0.0
229-223@62j-sjv-99f,motion_picture_and_video_industries,2022-08-01 00:00:00.000,2022-09-01 00:00:00.000,159.89,13,10,9.0,15.88,0.0,0.0,0.0,0.0,0.0,0.0,0.0,0.0,0.0,0.0,0.0,0.0,0.0,0.0
23v-222@62j-sk2-tsq,offices_of_other_health_practitioners,2022-08-01 00:00:00.000,2022-09-01 00:00:00.000,1494.38,4,3,85.0,120.0,0.0,0.0,0.0,0.0,0.0,0.0,0.0,0.0,0.0,0.0,0.0,0.0,0.0,0.0
225-224@62j-sj2-jn5,service,2022-08-01 00:00:00.000,2022-09-01 00:00:00.000,753.54,27,23,13.5,13.5,0.0,0.0,0.0,0.0,0.0,0.0,0.0,0.0,0.0,0.0,0.0,0.0,0.0,0.0
247-222@62j-sj3-9s5,restaurant,2022-08-01 00:00:00.000,2022-09-01 00:00:00.000,825.78,27,20,18.62,32.1,0.0,0.0,0.0,0.0,0.0,0.0,0.0,0.0,0.0,0.0,0.0,0.0,0.0,0.0
27w-222@62j-sj2-89z,"beer,_wine,_and_liquor_stores",2022-08-01 00:00:00.000,2022-09-01 00:00:00.000,576.49,30,15,16.54,20.0,0.0,0.0,0.0,0.0,0.0,0.0,0.0,0.0,0.0,0.0,0.0,0.0,0.0,0.0
zzw-222@62j-sgg-6zf,restaurant,2022-08-01 00:00:00.000,2022-09-01 00:00:00.000,2865.72,155,101,13.42,18.13,0.0,0.0,0.0,0.0,0.0,0.0,0.0,0.0,0.0,0.0,0.0,0.0,0.0,0.0
zzw-222@62j-sjv-8y9,service,2022-08-01 00:00:00.000,2022-09-01 00:00:00.000,120.0,3,2,40.0,60.0,0.0,0.0,0.0,0.0,0.0,0.0,0.0,0.0,0.0,0.0,0.0,0.0,0.0,0.0
zzw-225@62j-sjs-435,furniture_stores,2022-08-01 00:00:00.000,2022-09-01 00:00:00.000,12272.16,8,8,783.73,783.73,0.0,0.0,0.0,0.0,0.0,0.0,0.0,0.0,0.0,0.0,0.0,0.0,0.0,0.0
24v-222@62j-sj2-p35,electronics_and_appliance_stores,2022-08-01 00:00:00.000,2022-09-01 00:00:00.000,299.92,9,6,25.0,44.99,0.0,0.0,0.0,0.0,0.0,0.0,0.0,0.0,0.0,0.0,0.0,0.0,0.0,0.0
24y-222@62j-sj2-4sq,restaurant,2022-08-01 00:00:00.000,2022-09-01 00:00:00.000,300.52,2,2,150.26,150.26,0.0,0.0,0.0,0.0,0.0,0.0,0.0,0.0,0.0,0.0,0.0,0.0,0.0,0.0
zzw-222@62j-sj3-47q,restaurant,2022-08-01 00:00:00.000,2022-09-01 00:00:00.000,2907.38,202,137,11.32,16.53,0.0,0.0,0.0,0.0,0.0,0.0,0.0,0.0,0.0,0.0,0.0,0.0,0.0,0.0
23d-222@62j-sj2-s5z,restaurant,2022-08-01 00:00:00.000,2022-09-01 00:00:00.000,3267.73,390,213,6.94,11.32,0.0,0.0,0.0,0.0,0.0,0.0,0.0,0.0,0.0,0.0,0.0,0.0,0.0,0.0
22t-222@62j-sj2-fmk,grocery_stores,2022-08-01 00:00:00.000,2022-09-01 00:00:00.000,616.98,86,58,5.48,8.22,0.0,0.0,0.0,0.0,0.0,0.0,0.0,0.0,0.0,0.0,0.0,0.0,0.0,0.0
244-222@62j-sjz-7t9,restaurant,2022-08-01 00:00:00.000,2022-09-01 00:00:00.000,119.11,2,2,59.56,59.56,0.0,0.0,0.0,0.0,0.0,0.0,0.0,0.0,0.0,0.0,0.0,0.0,0.0,0.0
23m-222@62j-sjs-zpv,restaurant,2022-08-01 00:00:00.000,2022-09-01 00:00:00.000,173.95,9,8,14.06,12.59,0.0,0.0,0.0,0.0,0.0,0.0,0.0,0.0,0.0,0.0,0.0,0.0,0.0,0.0
223-223@62j-sjv-bc5,restaurant,2022-08-01 00:00:00.000,2022-09-01 00:00:00.000,1407.42,61,59,17.63,17.91,0.0,0.0,0.0,0.0,0.0,0.0,0.0,0.0,0.0,0.0,0.0,0.0,0.0,0.0
zzw-222@62j-shx-ht9,restaurant,2022-08-01 00:00:00.000,2022-09-01 00:00:00.000,1287.32,23,18,36.5,37.59,0.0,0.0,0.0,0.0,0.0,0.0,0.0,0.0,0.0,0.0,0.0,0.0,0.0,0.0
253-224@62j-shx-j7q,restaurant,2022-08-01 00:00:00.000,2022-09-01 00:00:00.000,79.45,6,5,10.27,12.68,0.0,0.0,0.0,0.0,0.0,0.0,0.0,0.0,0.0,0.0,0.0,0.0,0.0,0.0
zzw-222@62j-sjv-7yv,restaurant,2022-08-01 00:00:00.000,2022-09-01 00:00:00.000,8756.01,464,290,14.18,21.13,0.0,0.0,0.0,0.0,0.0,0.0,0.0,0.0,0.0,0.0,0.0,0.0,0.0,0.0
22n-222@62j-sjs-zmk,gasoline_stations,2022-08-01 00:00:00.000,2022-09-01 00:00:00.000,1134.28,25,21,50.0,50.0,0.0,0.0,0.0,0.0,0.0,0.0,0.0,0.0,0.0,0.0,0.0,0.0,0.0,0.0
zzw-223@62j-sjv-85f,restaurant,2022-08-01 00:00:00.000,2022-09-01 00:00:00.000,2034.68,197,107,9.45,12.82,0.0,0.0,0.0,0.0,0.0,0.0,0.0,0.0,0.0,0.0,0.0,0.0,0.0,0.0
zzw-222@62j-sj2-rkz,grocery_stores,2022-08-01 00:00:00.000,2022-09-01 00:00:00.000,25398.13,721,510,21.06,28.97,0.0,0.0,0.0,0.0,0.0,0.0,0.0,0.0,0.0,0.0,0.0,0.0,0.0,0.0
224-222@62j-sj3-49z,traveler_accommodation,2022-08-01 00:00:00.000,2022-09-01 00:00:00.000,3541.2,5,5,729.99,729.99,0.0,0.0,0.0,0.0,0.0,0.0,0.0,0.0,0.0,0.0,0.0,0.0,0.0,0.0
22r-222@62j-sjv-hqz,education,2022-08-01 00:00:00.000,2022-09-01 00:00:00.000,94.1,4,2,25.67,47.05,0.0,0.0,0.0,0.0,0.0,0.0,0.0,0.0,0.0,0.0,0.0,0.0,0.0,0.0
226-223@62j-sk2-vcq,offices_of_other_health_practitioners,2022-08-01 00:00:00.000,2022-09-01 00:00:00.000,304.0,3,2,80.0,152.0,0.0,0.0,0.0,0.0,0.0,0.0,0.0,0.0,0.0,0.0,0.0,0.0,0.0,0.0
227-222@62j-sk3-2c5,restaurant,2022-08-01 00:00:00.000,2022-09-01 00:00:00.000,1977.61,155,114,10.21,13.4,0.0,0.0,0.0,0.0,0.0,0.0,0.0,0.0,0.0,0.0,0.0,0.0,0.0,0.0
25t-222@62j-sj2-vzz,grocery_stores,2022-08-01 00:00:00.000,2022-09-01 00:00:00.000,546.95,30,21,12.5,12.75,0.0,0.0,0.0,0.0,0.0,0.0,0.0,0.0,0.0,0.0,0.0,0.0,0.0,0.0
zzw-22x@62j-shx-k9f,restaurant,2022-08-01 00:00:00.000,2022-09-01 00:00:00.000,7624.6,118,101,58.48,57.24,0.0,0.0,0.0,0.0,0.0,0.0,0.0,0.0,0.0,0.0,0.0,0.0,0.0,0.0
222-222@62j-sj2-6zf,service,2022-08-01 00:00:00.000,2022-09-01 00:00:00.000,97.0,2,2,48.5,48.5,0.0,0.0,0.0,0.0,0.0,0.0,0.0,0.0,0.0,0.0,0.0,0.0,0.0,0.0
zzw-224@62j-sj2-s3q,traveler_accommodation,2022-08-01 00:00:00.000,2022-09-01 00:00:00.000,3216.44,14,11,133.43,252.95,0.0,0.0,0.0,0.0,0.0,0.0,0.0,0.0,0.0,0.0,0.0,0.0,0.0,0.0
22t-222@62j-sjy-7yv,health_and_personal_care_stores,2022-08-01 00:00:00.000,2022-09-01 00:00:00.000,37731.21,708,284,33.33,67.56,0.0,0.0,0.0,0.0,0.0,0.0,0.0,0.0,0.0,0.0,0.0,0.0,0.0,0.0
22w-222@62j-sjv-9zz,restaurant,2022-08-01 00:00:00.000,2022-09-01 00:00:00.000,967.6,30,25,23.99,34.0,0.0,0.0,0.0,0.0,0.0,0.0,0.0,0.0,0.0,0.0,0.0,0.0,0.0,0.0
225-222@62j-sjs-3yv,service,2022-08-01 00:00:00.000,2022-09-01 00:00:00.000,396.34,3,3,87.86,87.86,0.0,0.0,0.0,0.0,0.0,0.0,0.0,0.0,0.0,0.0,0.0,0.0,0.0,0.0
zzw-22c@62j-sjv-j35,restaurant,2022-08-01 00:00:00.000,2022-09-01 00:00:00.000,3199.1,104,81,27.58,29.87,0.0,0.0,0.0,0.0,0.0,0.0,0.0,0.0,0.0,0.0,0.0,0.0,0.0,0.0
254-222@62j-shx-j7q,health_and_personal_care_stores,2022-08-01 00:00:00.000,2022-09-01 00:00:00.000,4041.81,172,114,13.53,22.98,0.0,0.0,0.0,0.0,0.0,0.0,0.0,0.0,0.0,0.0,0.0,0.0,0.0,0.0
zzw-22b@62j-shx-k9f,restaurant,2022-08-01 00:00:00.000,2022-09-01 00:00:00.000,165.02,4,3,48.01,59.0,0.0,0.0,0.0,0.0,0.0,0.0,0.0,0.0,0.0,0.0,0.0,0.0,0.0,0.0
zzy-223@62j-sjs-r49,administration_of_economic_programs,2022-08-01 00:00:00.000,2022-09-01 00:00:00.000,11910.82,1117,603,4.8,9.6,0.0,0.0,0.0,0.0,0.0,0.0,0.0,0.0,0.0,0.0,0.0,0.0,0.0,0.0
22b-224@62j-sgg-ks5,health_and_personal_care_stores,2022-08-01 00:00:00.000,2022-09-01 00:00:00.000,2677.95,104,67,17.58,22.95,0.0,0.0,0.0,0.0,0.0,0.0,0.0,0.0,0.0,0.0,0.0,0.0,0.0,0.0
258-223@62j-sk3-66k,service,2022-08-01 00:00:00.000,2022-09-01 00:00:00.000,956.0,17,10,53.0,74.0,0.0,0.0,0.0,0.0,0.0,0.0,0.0,0.0,0.0,0.0,0.0,0.0,0.0,0.0
zzy-228@62j-sk2-vs5,offices_of_physicians,2022-08-01 00:00:00.000,2022-09-01 00:00:00.000,3386.98,52,47,44.0,44.0,0.0,0.0,0.0,0.0,0.0,0.0,0.0,0.0,0.0,0.0,0.0,0.0,0.0,0.0
224-224@62j-sj4-syv,grocery_stores,2022-08-01 00:00:00.000,2022-09-01 00:00:00.000,1750.59,52,34,28.78,43.51,0.0,0.0,0.0,0.0,0.0,0.0,0.0,0.0,0.0,0.0,0.0,0.0,0.0,0.0
22h-222@62j-sjz-j5f,gasoline_stations,2022-08-01 00:00:00.000,2022-09-01 00:00:00.000,1898.57,43,29,43.31,47.24,0.0,0.0,0.0,0.0,0.0,0.0,0.0,0.0,0.0,0.0,0.0,0.0,0.0,0.0
zzy-224@62j-sj2-75z,restaurant,2022-08-01 00:00:00.000,2022-09-01 00:00:00.000,703.75,9,6,65.54,126.67,0.0,0.0,0.0,0.0,0.0,0.0,0.0,0.0,0.0,0.0,0.0,0.0,0.0,0.0
22h-223@62j-sjv-9mk,other_amusement_and_recreation_industries,2022-08-01 00:00:00.000,2022-09-01 00:00:00.000,110.47,2,2,55.24,55.24,0.0,0.0,0.0,0.0,0.0,0.0,0.0,0.0,0.0,0.0,0.0,0.0,0.0,0.0
22r-223@62j-sjs-vpv,grocery_stores,2022-08-01 00:00:00.000,2022-09-01 00:00:00.000,601.72,60,25,8.59,12.38,0.0,0.0,0.0,0.0,0.0,0.0,0.0,0.0,0.0,0.0,0.0,0.0,0.0,0.0
22g-222@62j-sj3-9mk,restaurant,2022-08-01 00:00:00.000,2022-09-01 00:00:00.000,31.76,2,2,15.88,15.88,0.0,0.0,0.0,0.0,0.0,0.0,0.0,0.0,0.0,0.0,0.0,0.0,0.0,0.0
22t-225@62j-sjy-7yv,grocery_stores,2022-08-01 00:00:00.000,2022-09-01 00:00:00.000,6490.17,198,149,22.84,31.77,0.0,0.0,0.0,0.0,0.0,0.0,0.0,0.0,0.0,0.0,0.0,0.0,0.0,0.0
zzw-223@62j-sj2-s5z,restaurant,2022-08-01 00:00:00.000,2022-09-01 00:00:00.000,467.97,8,8,44.56,44.56,0.0,0.0,0.0,0.0,0.0,0.0,0.0,0.0,0.0,0.0,0.0,0.0,0.0,0.0
22n-223@62j-sjs-2c5,warehousing_and_storage,2022-08-01 00:00:00.000,2022-09-01 00:00:00.000,731.0,3,2,264.0,365.5,0.0,0.0,0.0,0.0,0.0,0.0,0.0,0.0,0.0,0.0,0.0,0.0,0.0,0.0
238-223@62j-sk2-ysq,"machinery,_equipment,_and_supplies_merchant_wholesalers",2022-08-01 00:00:00.000,2022-09-01 00:00:00.000,147.61,3,3,53.11,53.11,0.0,0.0,0.0,0.0,0.0,0.0,0.0,0.0,0.0,0.0,0.0,0.0,0.0,0.0
zzy-229@62j-sk2-vs5,restaurant,2022-08-01 00:00:00.000,2022-09-01 00:00:00.000,116.0,6,4,18.0,29.0,0.0,0.0,0.0,0.0,0.0,0.0,0.0,0.0,0.0,0.0,0.0,0.0,0.0,0.0
224-222@62j-shx-jjv,traveler_accommodation,2022-08-01 00:00:00.000,2022-09-01 00:00:00.000,7532.91,16,15,328.88,326.13,0.0,0.0,0.0,0.0,0.0,0.0,0.0,0.0,0.0,0.0,0.0,0.0,0.0,0.0
225-223@62j-sjs-3yv,retail,2022-08-01 00:00:00.000,2022-09-01 00:00:00.000,13315.73,215,148,44.6,59.18,0.0,0.0,0.0,0.0,0.0,0.0,0.0,0.0,0.0,0.0,0.0,0.0,0.0,0.0
23b-222@62j-sjs-zj9,drinking_places_(alcoholic_beverages),2022-08-01 00:00:00.000,2022-09-01 00:00:00.000,4230.09,90,58,28.3,56.86,0.0,0.0,0.0,0.0,0.0,0.0,0.0,0.0,0.0,0.0,0.0,0.0,0.0,0.0
23j-223@62j-sgg-75z,automotive_repair_and_maintenance,2022-08-01 00:00:00.000,2022-09-01 00:00:00.000,3516.25,4,4,650.6,650.6,0.0,0.0,0.0,0.0,0.0,0.0,0.0,0.0,0.0,0.0,0.0,0.0,0.0,0.0
23k-223@62j-sjv-99f,restaurant,2022-08-01 00:00:00.000,2022-09-01 00:00:00.000,863.08,42,38,15.09,21.3,0.0,0.0,0.0,0.0,0.0,0.0,0.0,0.0,0.0,0.0,0.0,0.0,0.0,0.0
24d-222@62j-sjv-99f,converted_paper_product_manufacturing,2022-08-01 00:00:00.000,2022-09-01 00:00:00.000,268.85,8,8,33.89,33.89,0.0,0.0,0.0,0.0,0.0,0.0,0.0,0.0,0.0,0.0,0.0,0.0,0.0,0.0
zzw-22s@62j-shx-k9f,clothing_stores,2022-08-01 00:00:00.000,2022-09-01 00:00:00.000,3174.12,53,50,50.09,57.49,0.0,0.0,0.0,0.0,0.0,0.0,0.0,0.0,0.0,0.0,0.0,0.0,0.0,0.0
24z-222@62j-sk3-649,restaurant,2022-08-01 00:00:00.000,2022-09-01 00:00:00.000,629.44,5,5,124.0,124.0,0.0,0.0,0.0,0.0,0.0,0.0,0.0,0.0,0.0,0.0,0.0,0.0,0.0,0.0
23f-224@62j-sjv-9mk,"beer,_wine,_and_liquor_stores",2022-08-01 00:00:00.000,2022-09-01 00:00:00.000,89.65,5,2,16.29,44.83,0.0,0.0,0.0,0.0,0.0,0.0,0.0,0.0,0.0,0.0,0.0,0.0,0.0,0.0
23q-222@62j-sj2-435,grocery_stores,2022-08-01 00:00:00.000,2022-09-01 00:00:00.000,295.99,4,3,64.16,28.85,0.0,0.0,0.0,0.0,0.0,0.0,0.0,0.0,0.0,0.0,0.0,0.0,0.0,0.0
255-222@62j-sj2-835,restaurant,2022-08-01 00:00:00.000,2022-09-01 00:00:00.000,5865.68,38,34,146.39,146.39,0.0,0.0,0.0,0.0,0.0,0.0,0.0,0.0,0.0,0.0,0.0,0.0,0.0,0.0
zzy-227@62j-sk2-vs5,service,2022-08-01 00:00:00.000,2022-09-01 00:00:00.000,48.15,4,4,12.08,12.08,0.0,0.0,0.0,0.0,0.0,0.0,0.0,0.0,0.0,0.0,0.0,0.0,0.0,0.0
264-222@62j-sk3-47q,book_stores_and_news_dealers,2022-08-01 00:00:00.000,2022-09-01 00:00:00.000,9917.29,135,85,49.71,60.08,0.0,0.0,0.0,0.0,0.0,0.0,0.0,0.0,0.0,0.0,0.0,0.0,0.0,0.0
22x-222@62j-sj2-t35,service,2022-08-01 00:00:00.000,2022-09-01 00:00:00.000,134.35,4,3,36.43,22.0,0.0,0.0,0.0,0.0,0.0,0.0,0.0,0.0,0.0,0.0,0.0,0.0,0.0,0.0
243-222@62j-sj2-s5z,restaurant,2022-08-01 00:00:00.000,2022-09-01 00:00:00.000,183.97,3,3,60.0,60.0,0.0,0.0,0.0,0.0,0.0,0.0,0.0,0.0,0.0,0.0,0.0,0.0,0.0,0.0
24k-222@62j-sjv-bc5,restaurant,2022-08-01 00:00:00.000,2022-09-01 00:00:00.000,199.11,11,9,12.2,16.05,0.0,0.0,0.0,0.0,0.0,0.0,0.0,0.0,0.0,0.0,0.0,0.0,0.0,0.0
24t-223@62j-sj2-4jv,service,2022-08-01 00:00:00.000,2022-09-01 00:00:00.000,456.0,5,4,80.0,120.0,0.0,0.0,0.0,0.0,0.0,0.0,0.0,0.0,0.0,0.0,0.0,0.0,0.0,0.0
25x-222@62j-sj3-4vz,restaurant,2022-08-01 00:00:00.000,2022-09-01 00:00:00.000,1932.66,18,11,33.96,41.0,0.0,0.0,0.0,0.0,0.0,0.0,0.0,0.0,0.0,0.0,0.0,0.0,0.0,0.0
zzy-222@62j-sj2-s5z,public_administration,2022-08-01 00:00:00.000,2022-09-01 00:00:00.000,65.5,3,2,11.0,32.75,0.0,0.0,0.0,0.0,0.0,0.0,0.0,0.0,0.0,0.0,0.0,0.0,0.0,0.0
223-222@62j-sj2-d5f,restaurant,2022-08-01 00:00:00.000,2022-09-01 00:00:00.000,364.21,11,4,9.37,60.28,0.0,0.0,0.0,0.0,0.0,0.0,0.0,0.0,0.0,0.0,0.0,0.0,0.0,0.0
26n-22b@62j-sjv-j7q,grocery_stores,2022-08-01 00:00:00.000,2022-09-01 00:00:00.000,381.51,30,19,10.73,12.72,0.0,0.0,0.0,0.0,0.0,0.0,0.0,0.0,0.0,0.0,0.0,0.0,0.0,0.0
zzw-22c@62j-shx-jy9,clothing_stores,2022-08-01 00:00:00.000,2022-09-01 00:00:00.000,2157.2,22,22,42.25,42.25,0.0,0.0,0.0,0.0,0.0,0.0,0.0,0.0,0.0,0.0,0.0,0.0,0.0,0.0
22c-223@62j-sjv-9zz,service,2022-08-01 00:00:00.000,2022-09-01 00:00:00.000,2968.0,127,105,15.0,15.0,0.0,0.0,0.0,0.0,0.0,0.0,0.0,0.0,0.0,0.0,0.0,0.0,0.0,0.0
zzw-224@62j-sk3-649,service,2022-08-01 00:00:00.000,2022-09-01 00:00:00.000,300.0,2,2,150.0,150.0,0.0,0.0,0.0,0.0,0.0,0.0,0.0,0.0,0.0,0.0,0.0,0.0,0.0,0.0
23k-222@62j-sj2-75z,service,2022-08-01 00:00:00.000,2022-09-01 00:00:00.000,247.2,4,3,45.0,90.0,0.0,0.0,0.0,0.0,0.0,0.0,0.0,0.0,0.0,0.0,0.0,0.0,0.0,0.0
zzw-225@62j-sj2-p35,restaurant,2022-08-01 00:00:00.000,2022-09-01 00:00:00.000,71.84,3,2,30.01,35.92,0.0,0.0,0.0,0.0,0.0,0.0,0.0,0.0,0.0,0.0,0.0,0.0,0.0,0.0
22n-222@62j-shx-tjv,shoe_stores,2022-08-01 00:00:00.000,2022-09-01 00:00:00.000,217.67,4,4,53.11,53.11,0.0,0.0,0.0,0.0,0.0,0.0,0.0,0.0,0.0,0.0,0.0,0.0,0.0,0.0
22d-222@62j-sj2-y9z,gasoline_stations,2022-08-01 00:00:00.000,2022-09-01 00:00:00.000,40.88,3,2,4.18,20.44,0.0,0.0,0.0,0.0,0.0,0.0,0.0,0.0,0.0,0.0,0.0,0.0,0.0,0.0
22s-225@62j-sj2-rkz,health_and_personal_care_stores,2022-08-01 00:00:00.000,2022-09-01 00:00:00.000,4766.91,230,159,12.49,16.43,0.0,0.0,0.0,0.0,0.0,0.0,0.0,0.0,0.0,0.0,0.0,0.0,0.0,0.0
22q-222@62j-shx-jqf,traveler_accommodation,2022-08-01 00:00:00.000,2022-09-01 00:00:00.000,6670.75,14,11,409.02,612.22,0.0,0.0,0.0,0.0,0.0,0.0,0.0,0.0,0.0,0.0,0.0,0.0,0.0,0.0
zzy-222@62j-sj3-3bk,restaurant,2022-08-01 00:00:00.000,2022-09-01 00:00:00.000,1314.11,76,72,13.12,14.57,0.0,0.0,0.0,0.0,0.0,0.0,0.0,0.0,0.0,0.0,0.0,0.0,0.0,0.0
222-222@62j-sjs-45f,automotive_repair_and_maintenance,2022-08-01 00:00:00.000,2022-09-01 00:00:00.000,1767.0,4,3,511.0,352.0,0.0,0.0,0.0,0.0,0.0,0.0,0.0,0.0,0.0,0.0,0.0,0.0,0.0,0.0
228-222@62j-sj2-s5z,drinking_places_(alcoholic_beverages),2022-08-01 00:00:00.000,2022-09-01 00:00:00.000,1942.0,39,28,30.68,38.44,0.0,0.0,0.0,0.0,0.0,0.0,0.0,0.0,0.0,0.0,0.0,0.0,0.0,0.0
22g-222@62j-sjs-5j9,service,2022-08-01 00:00:00.000,2022-09-01 00:00:00.000,2225.0,2,2,1112.5,1112.5,0.0,0.0,0.0,0.0,0.0,0.0,0.0,0.0,0.0,0.0,0.0,0.0,0.0,0.0
23z-222@62j-sj3-9mk,health_and_personal_care_stores,2022-08-01 00:00:00.000,2022-09-01 00:00:00.000,554.82,14,11,30.77,22.77,0.0,0.0,0.0,0.0,0.0,0.0,0.0,0.0,0.0,0.0,0.0,0.0,0.0,0.0
zzw-228@62j-shx-tjv,electronics_and_appliance_stores,2022-08-01 00:00:00.000,2022-09-01 00:00:00.000,35986.01,91,77,116.0,122.55,0.0,0.0,0.0,0.0,0.0,0.0,0.0,0.0,0.0,0.0,0.0,0.0,0.0,0.0
229-222@62j-sj2-s5z,restaurant,2022-08-01 00:00:00.000,2022-09-01 00:00:00.000,3834.62,39,33,102.03,103.27,0.0,0.0,0.0,0.0,0.0,0.0,0.0,0.0,0.0,0.0,0.0,0.0,0.0,0.0
zzy-222@62j-sj2-75z,restaurant,2022-08-01 00:00:00.000,2022-09-01 00:00:00.000,511.95,75,38,4.76,10.06,0.0,0.0,0.0,0.0,0.0,0.0,0.0,0.0,0.0,0.0,0.0,0.0,0.0,0.0
zzw-22y@62j-shx-k9f,lessors_of_real_estate,2022-08-01 00:00:00.000,2022-09-01 00:00:00.000,110.25,3,3,22.76,22.76,0.0,0.0,0.0,0.0,0.0,0.0,0.0,0.0,0.0,0.0,0.0,0.0,0.0,0.0
227-223@62j-sjv-bc5,printing_and_related_support_activities,2022-08-01 00:00:00.000,2022-09-01 00:00:00.000,429.67,12,10,44.36,44.36,0.0,0.0,0.0,0.0,0.0,0.0,0.0,0.0,0.0,0.0,0.0,0.0,0.0,0.0
224-222@62j-sk2-tqf,restaurant,2022-08-01 00:00:00.000,2022-09-01 00:00:00.000,3924.28,26,20,99.34,100.25,0.0,0.0,0.0,0.0,0.0,0.0,0.0,0.0,0.0,0.0,0.0,0.0,0.0,0.0
222-223@62j-sj3-33q,restaurant,2022-08-01 00:00:00.000,2022-09-01 00:00:00.000,1919.83,296,153,5.65,8.32,0.0,0.0,0.0,0.0,0.0,0.0,0.0,0.0,0.0,0.0,0.0,0.0,0.0,0.0
zzy-222@62j-sjv-j35,service,2022-08-01 00:00:00.000,2022-09-01 00:00:00.000,352.0,8,6,43.5,43.5,0.0,0.0,0.0,0.0,0.0,0.0,0.0,0.0,0.0,0.0,0.0,0.0,0.0,0.0
zzw-22r@62j-shx-k9f,restaurant,2022-08-01 00:00:00.000,2022-09-01 00:00:00.000,765.29,106,70,4.7,6.29,0.0,0.0,0.0,0.0,0.0,0.0,0.0,0.0,0.0,0.0,0.0,0.0,0.0,0.0
222-224@62j-sjs-54v,restaurant,2022-08-01 00:00:00.000,2022-09-01 00:00:00.000,378.72,18,16,14.87,14.87,0.0,0.0,0.0,0.0,0.0,0.0,0.0,0.0,0.0,0.0,0.0,0.0,0.0,0.0
22c-222@62j-sj2-vmk,service,2022-08-01 00:00:00.000,2022-09-01 00:00:00.000,145.0,3,3,33.0,33.0,0.0,0.0,0.0,0.0,0.0,0.0,0.0,0.0,0.0,0.0,0.0,0.0,0.0,0.0
zzw-224@62j-shx-k9f,restaurant,2022-08-01 00:00:00.000,2022-09-01 00:00:00.000,244.29,27,25,8.87,7.48,0.0,0.0,0.0,0.0,0.0,0.0,0.0,0.0,0.0,0.0,0.0,0.0,0.0,0.0
223-227@62j-sjv-9mk,transit_and_ground_passenger_transportation,2022-08-01 00:00:00.000,2022-09-01 00:00:00.000,7571.03,750,489,4.8,9.6,0.0,0.0,0.0,0.0,0.0,0.0,0.0,0.0,0.0,0.0,0.0,0.0,0.0,0.0
22c-222@62j-sjv-9zz,restaurant,2022-08-01 00:00:00.000,2022-09-01 00:00:00.000,1382.32,214,128,5.06,7.73,0.0,0.0,0.0,0.0,0.0,0.0,0.0,0.0,0.0,0.0,0.0,0.0,0.0,0.0
248-223@62j-sjs-vpv,restaurant,2022-08-01 00:00:00.000,2022-09-01 00:00:00.000,4675.7,3,3,208.65,208.65,0.0,0.0,0.0,0.0,0.0,0.0,0.0,0.0,0.0,0.0,0.0,0.0,0.0,0.0
24b-222@62j-sjw-v9f,"sporting_goods,_hobby,_and_musical_instrument_stores",2022-08-01 00:00:00.000,2022-09-01 00:00:00.000,419.6,6,4,57.49,114.97,0.0,0.0,0.0,0.0,0.0,0.0,0.0,0.0,0.0,0.0,0.0,0.0,0.0,0.0
25w-226@62j-sjv-j35,restaurant,2022-08-01 00:00:00.000,2022-09-01 00:00:00.000,721.31,104,49,6.02,7.58,0.0,0.0,0.0,0.0,0.0,0.0,0.0,0.0,0.0,0.0,0.0,0.0,0.0,0.0
22d-222@62j-sjr-zcq,restaurant,2022-08-01 00:00:00.000,2022-09-01 00:00:00.000,1665.66,217,125,6.61,8.96,0.0,0.0,0.0,0.0,0.0,0.0,0.0,0.0,0.0,0.0,0.0,0.0,0.0,0.0
24m-222@62j-sk3-59f,restaurant,2022-08-01 00:00:00.000,2022-09-01 00:00:00.000,236.2,9,7,18.68,30.36,0.0,0.0,0.0,0.0,0.0,0.0,0.0,0.0,0.0,0.0,0.0,0.0,0.0,0.0
233-222@62j-sjs-v75,drinking_places_(alcoholic_beverages),2022-08-01 00:00:00.000,2022-09-01 00:00:00.000,1395.74,25,12,28.09,46.1,0.0,0.0,0.0,0.0,0.0,0.0,0.0,0.0,0.0,0.0,0.0,0.0,0.0,0.0
235-222@62j-sj2-s5z,restaurant,2022-08-01 00:00:00.000,2022-09-01 00:00:00.000,1439.52,17,15,80.78,80.78,0.0,0.0,0.0,0.0,0.0,0.0,0.0,0.0,0.0,0.0,0.0,0.0,0.0,0.0
23f-222@62j-sjv-9mk,restaurant,2022-08-01 00:00:00.000,2022-09-01 00:00:00.000,1194.88,103,64,9.36,13.3,0.0,0.0,0.0,0.0,0.0,0.0,0.0,0.0,0.0,0.0,0.0,0.0,0.0,0.0
26h-222@62j-sj2-xbk,grocery_stores,2022-08-01 00:00:00.000,2022-09-01 00:00:00.000,512.41,31,18,15.47,18.49,0.0,0.0,0.0,0.0,0.0,0.0,0.0,0.0,0.0,0.0,0.0,0.0,0.0,0.0
222-224@62j-sjv-975,clothing_stores,2022-08-01 00:00:00.000,2022-09-01 00:00:00.000,160.0,2,2,80.0,80.0,0.0,0.0,0.0,0.0,0.0,0.0,0.0,0.0,0.0,0.0,0.0,0.0,0.0,0.0
224-222@62j-sj2-d9z,higher_education,2022-08-01 00:00:00.000,2022-09-01 00:00:00.000,94.88,18,2,3.6,47.44,0.0,0.0,0.0,0.0,0.0,0.0,0.0,0.0,0.0,0.0,0.0,0.0,0.0,0.0
22d-222@62j-sj2-rff,used_merchandise_stores,2022-08-01 00:00:00.000,2022-09-01 00:00:00.000,96.87,6,6,10.07,10.07,0.0,0.0,0.0,0.0,0.0,0.0,0.0,0.0,0.0,0.0,0.0,0.0,0.0,0.0
233-222@62j-sj2-8gk,restaurant,2022-08-01 00:00:00.000,2022-09-01 00:00:00.000,825.53,55,30,9.1,18.75,0.0,0.0,0.0,0.0,0.0,0.0,0.0,0.0,0.0,0.0,0.0,0.0,0.0,0.0
26t-222@62j-sjz-k75,automotive_repair_and_maintenance,2022-08-01 00:00:00.000,2022-09-01 00:00:00.000,1903.79,5,5,299.38,299.38,0.0,0.0,0.0,0.0,0.0,0.0,0.0,0.0,0.0,0.0,0.0,0.0,0.0,0.0
222-222@62j-sgg-kfz,restaurant,2022-08-01 00:00:00.000,2022-09-01 00:00:00.000,1094.67,141,74,5.86,8.64,0.0,0.0,0.0,0.0,0.0,0.0,0.0,0.0,0.0,0.0,0.0,0.0,0.0,0.0
24d-222@62j-sjv-bc5,florists,2022-08-01 00:00:00.000,2022-09-01 00:00:00.000,804.67,11,10,30.81,30.81,0.0,0.0,0.0,0.0,0.0,0.0,0.0,0.0,0.0,0.0,0.0,0.0,0.0,0.0
zzw-226@62j-sjv-8jv,restaurant,2022-08-01 00:00:00.000,2022-09-01 00:00:00.000,753.62,77,54,7.06,11.11,0.0,0.0,0.0,0.0,0.0,0.0,0.0,0.0,0.0,0.0,0.0,0.0,0.0,0.0
25j-222@62j-sj2-hkf,grocery_stores,2022-08-01 00:00:00.000,2022-09-01 00:00:00.000,11288.99,368,171,21.15,34.33,0.0,0.0,0.0,0.0,0.0,0.0,0.0,0.0,0.0,0.0,0.0,0.0,0.0,0.0
zzw-223@62j-sk2-vpv,restaurant,2022-08-01 00:00:00.000,2022-09-01 00:00:00.000,1850.36,92,67,14.98,18.51,0.0,0.0,0.0,0.0,0.0,0.0,0.0,0.0,0.0,0.0,0.0,0.0,0.0,0.0
224-222@62j-sjt-8n5,traveler_accommodation,2022-08-01 00:00:00.000,2022-09-01 00:00:00.000,5576.32,23,20,50.0,66.97,0.0,0.0,0.0,0.0,0.0,0.0,0.0,0.0,0.0,0.0,0.0,0.0,0.0,0.0
223-222@62j-sjs-btv,automobile_dealers,2022-08-01 00:00:00.000,2022-09-01 00:00:00.000,11496.44,12,12,418.62,418.62,0.0,0.0,0.0,0.0,0.0,0.0,0.0,0.0,0.0,0.0,0.0,0.0,0.0,0.0
234-226@62j-sjs-v75,service,2022-08-01 00:00:00.000,2022-09-01 00:00:00.000,256.0,2,2,128.0,128.0,0.0,0.0,0.0,0.0,0.0,0.0,0.0,0.0,0.0,0.0,0.0,0.0,0.0,0.0
25v-223@62j-sjv-b6k,restaurant,2022-08-01 00:00:00.000,2022-09-01 00:00:00.000,1788.74,99,68,14.77,18.99,0.0,0.0,0.0,0.0,0.0,0.0,0.0,0.0,0.0,0.0,0.0,0.0,0.0,0.0
zzw-223@62j-sjv-835,wired_and_wireless_telecommunications_carriers,2022-08-01 00:00:00.000,2022-09-01 00:00:00.000,1601.65,14,14,100.44,100.44,0.0,0.0,0.0,0.0,0.0,0.0,0.0,0.0,0.0,0.0,0.0,0.0,0.0,0.0
zzw-225@62j-sk2-vs5,other_amusement_and_recreation_industries,2022-08-01 00:00:00.000,2022-09-01 00:00:00.000,2321.01,36,22,51.49,51.49,0.0,0.0,0.0,0.0,0.0,0.0,0.0,0.0,0.0,0.0,0.0,0.0,0.0,0.0
226-222@62j-sk2-y5f,"sporting_goods,_hobby,_and_musical_instrument_stores",2022-08-01 00:00:00.000,2022-09-01 00:00:00.000,7810.98,260,227,20.64,26.9,0.0,0.0,0.0,0.0,0.0,0.0,0.0,0.0,0.0,0.0,0.0,0.0,0.0,0.0
22b-223@62j-sj2-85f,grocery_stores,2022-08-01 00:00:00.000,2022-09-01 00:00:00.000,153.9,28,23,4.21,4.13,0.0,0.0,0.0,0.0,0.0,0.0,0.0,0.0,0.0,0.0,0.0,0.0,0.0,0.0
244-222@62j-sj3-9fz,restaurant,2022-08-01 00:00:00.000,2022-09-01 00:00:00.000,100.97,3,3,36.87,36.87,0.0,0.0,0.0,0.0,0.0,0.0,0.0,0.0,0.0,0.0,0.0,0.0,0.0,0.0
zzw-22g@62j-shx-tjv,health_and_personal_care_stores,2022-08-01 00:00:00.000,2022-09-01 00:00:00.000,3815.48,40,39,64.82,63.75,0.0,0.0,0.0,0.0,0.0,0.0,0.0,0.0,0.0,0.0,0.0,0.0,0.0,0.0
225-222@62j-sjs-d35,restaurant,2022-08-01 00:00:00.000,2022-09-01 00:00:00.000,1034.05,84,59,10.63,15.38,0.0,0.0,0.0,0.0,0.0,0.0,0.0,0.0,0.0,0.0,0.0,0.0,0.0,0.0
zzw-223@62j-sj2-d5f,restaurant,2022-08-01 00:00:00.000,2022-09-01 00:00:00.000,1626.32,11,11,90.0,90.0,0.0,0.0,0.0,0.0,0.0,0.0,0.0,0.0,0.0,0.0,0.0,0.0,0.0,0.0
2dz-222@62j-sj3-2zf,restaurant,2022-08-01 00:00:00.000,2022-09-01 00:00:00.000,428.3,16,11,17.92,20.33,0.0,0.0,0.0,0.0,0.0,0.0,0.0,0.0,0.0,0.0,0.0,0.0,0.0,0.0
zzy-222@62j-sk3-249,service,2022-08-01 00:00:00.000,2022-09-01 00:00:00.000,1653.0,39,29,43.0,44.0,0.0,0.0,0.0,0.0,0.0,0.0,0.0,0.0,0.0,0.0,0.0,0.0,0.0,0.0
226-222@62j-sjs-vpv,restaurant,2022-08-01 00:00:00.000,2022-09-01 00:00:00.000,114.9,4,3,28.08,32.81,0.0,0.0,0.0,0.0,0.0,0.0,0.0,0.0,0.0,0.0,0.0,0.0,0.0,0.0
zzw-224@62j-shx-jy9,shoe_stores,2022-08-01 00:00:00.000,2022-09-01 00:00:00.000,1333.0,12,10,70.5,79.0,0.0,0.0,0.0,0.0,0.0,0.0,0.0,0.0,0.0,0.0,0.0,0.0,0.0,0.0
22n-222@62j-sjv-9zz,restaurant,2022-08-01 00:00:00.000,2022-09-01 00:00:00.000,407.5,48,19,6.35,12.79,0.0,0.0,0.0,0.0,0.0,0.0,0.0,0.0,0.0,0.0,0.0,0.0,0.0,0.0
23h-222@62j-sjs-yqf,restaurant,2022-08-01 00:00:00.000,2022-09-01 00:00:00.000,49.76,4,4,6.42,6.42,0.0,0.0,0.0,0.0,0.0,0.0,0.0,0.0,0.0,0.0,0.0,0.0,0.0,0.0
22n-222@62j-sj2-89z,service,2022-08-01 00:00:00.000,2022-09-01 00:00:00.000,214.48,8,7,14.77,12.07,0.0,0.0,0.0,0.0,0.0,0.0,0.0,0.0,0.0,0.0,0.0,0.0,0.0,0.0
22t-222@62j-sj2-t35,restaurant,2022-08-01 00:00:00.000,2022-09-01 00:00:00.000,1450.18,25,15,50.69,54.1,0.0,0.0,0.0,0.0,0.0,0.0,0.0,0.0,0.0,0.0,0.0,0.0,0.0,0.0
23b-222@62j-sj2-rzf,restaurant,2022-08-01 00:00:00.000,2022-09-01 00:00:00.000,240.88,27,19,8.29,8.03,0.0,0.0,0.0,0.0,0.0,0.0,0.0,0.0,0.0,0.0,0.0,0.0,0.0,0.0
23c-222@62j-sjv-8qf,book_stores_and_news_dealers,2022-08-01 00:00:00.000,2022-09-01 00:00:00.000,10630.61,279,223,22.95,28.63,0.0,0.0,0.0,0.0,0.0,0.0,0.0,0.0,0.0,0.0,0.0,0.0,0.0,0.0
243-222@62j-shx-j7q,restaurant,2022-08-01 00:00:00.000,2022-09-01 00:00:00.000,688.94,66,45,5.97,7.68,0.0,0.0,0.0,0.0,0.0,0.0,0.0,0.0,0.0,0.0,0.0,0.0,0.0,0.0
227-222@62j-sj3-2tv,restaurant,2022-08-01 00:00:00.000,2022-09-01 00:00:00.000,923.17,14,9,52.37,59.29,0.0,0.0,0.0,0.0,0.0,0.0,0.0,0.0,0.0,0.0,0.0,0.0,0.0,0.0
22q-222@62j-sjv-9vf,other_amusement_and_recreation_industries,2022-08-01 00:00:00.000,2022-09-01 00:00:00.000,1829.0,9,6,20.0,29.5,0.0,0.0,0.0,0.0,0.0,0.0,0.0,0.0,0.0,0.0,0.0,0.0,0.0,0.0
zzw-222@62j-shx-qxq,restaurant,2022-08-01 00:00:00.000,2022-09-01 00:00:00.000,2211.2,34,25,38.37,60.0,0.0,0.0,0.0,0.0,0.0,0.0,0.0,0.0,0.0,0.0,0.0,0.0,0.0,0.0
zzw-222@62j-sj2-d9z,restaurant,2022-08-01 00:00:00.000,2022-09-01 00:00:00.000,1101.21,37,29,24.26,36.65,0.0,0.0,0.0,0.0,0.0,0.0,0.0,0.0,0.0,0.0,0.0,0.0,0.0,0.0
227-222@62j-sj2-ffz,restaurant,2022-08-01 00:00:00.000,2022-09-01 00:00:00.000,475.68,7,6,79.2,67.75,0.0,0.0,0.0,0.0,0.0,0.0,0.0,0.0,0.0,0.0,0.0,0.0,0.0,0.0
26t-222@62j-sk3-649,restaurant,2022-08-01 00:00:00.000,2022-09-01 00:00:00.000,1533.15,85,59,14.75,18.63,0.0,0.0,0.0,0.0,0.0,0.0,0.0,0.0,0.0,0.0,0.0,0.0,0.0,0.0
zzw-222@62j-sjv-975,restaurant,2022-08-01 00:00:00.000,2022-09-01 00:00:00.000,761.93,142,73,4.56,7.48,0.0,0.0,0.0,0.0,0.0,0.0,0.0,0.0,0.0,0.0,0.0,0.0,0.0,0.0
zzw-222@62j-sk2-v9f,other_amusement_and_recreation_industries,2022-08-01 00:00:00.000,2022-09-01 00:00:00.000,703.46,32,27,20.01,19.99,0.0,0.0,0.0,0.0,0.0,0.0,0.0,0.0,0.0,0.0,0.0,0.0,0.0,0.0
zzw-223@62j-sjv-9zz,restaurant,2022-08-01 00:00:00.000,2022-09-01 00:00:00.000,1877.34,17,17,101.67,101.67,0.0,0.0,0.0,0.0,0.0,0.0,0.0,0.0,0.0,0.0,0.0,0.0,0.0,0.0
225-222@62j-sj3-9fz,retail,2022-08-01 00:00:00.000,2022-09-01 00:00:00.000,1465.51,50,28,26.56,37.5,0.0,0.0,0.0,0.0,0.0,0.0,0.0,0.0,0.0,0.0,0.0,0.0,0.0,0.0
225-223@62j-sjs-54v,health_and_personal_care_stores,2022-08-01 00:00:00.000,2022-09-01 00:00:00.000,10046.82,393,232,15.4,21.13,0.0,0.0,0.0,0.0,0.0,0.0,0.0,0.0,0.0,0.0,0.0,0.0,0.0,0.0
223-222@62j-sjv-9zz,restaurant,2022-08-01 00:00:00.000,2022-09-01 00:00:00.000,565.92,6,6,70.88,70.88,0.0,0.0,0.0,0.0,0.0,0.0,0.0,0.0,0.0,0.0,0.0,0.0,0.0,0.0
22m-222@62j-sk2-zzz,offices_of_dentists,2022-08-01 00:00:00.000,2022-09-01 00:00:00.000,320.69,3,3,81.65,81.65,0.0,0.0,0.0,0.0,0.0,0.0,0.0,0.0,0.0,0.0,0.0,0.0,0.0,0.0
229-223@62j-sj2-4qf,clothing_stores,2022-08-01 00:00:00.000,2022-09-01 00:00:00.000,6202.82,174,130,26.91,32.61,0.0,0.0,0.0,0.0,0.0,0.0,0.0,0.0,0.0,0.0,0.0,0.0,0.0,0.0
26q-222@62j-sjv-8jv,service,2022-08-01 00:00:00.000,2022-09-01 00:00:00.000,395.7,7,6,67.0,73.7,0.0,0.0,0.0,0.0,0.0,0.0,0.0,0.0,0.0,0.0,0.0,0.0,0.0,0.0
zzw-224@62j-sjv-835,restaurant,2022-08-01 00:00:00.000,2022-09-01 00:00:00.000,35.4,2,2,17.7,17.7,0.0,0.0,0.0,0.0,0.0,0.0,0.0,0.0,0.0,0.0,0.0,0.0,0.0,0.0
zzw-22m@62j-shx-k9f,restaurant,2022-08-01 00:00:00.000,2022-09-01 00:00:00.000,622.3,48,36,12.59,12.38,0.0,0.0,0.0,0.0,0.0,0.0,0.0,0.0,0.0,0.0,0.0,0.0,0.0,0.0
223-222@62j-sk2-zvf,retail,2022-08-01 00:00:00.000,2022-09-01 00:00:00.000,184.07,5,4,40.94,36.72,0.0,0.0,0.0,0.0,0.0,0.0,0.0,0.0,0.0,0.0,0.0,0.0,0.0,0.0
22x-223@62j-sk3-66k,health_and_personal_care_stores,2022-08-01 00:00:00.000,2022-09-01 00:00:00.000,1723.45,83,54,13.89,22.38,0.0,0.0,0.0,0.0,0.0,0.0,0.0,0.0,0.0,0.0,0.0,0.0,0.0,0.0
zzw-22j@62j-sjv-j35,restaurant,2022-08-01 00:00:00.000,2022-09-01 00:00:00.000,4402.59,40,30,85.93,119.92,0.0,0.0,0.0,0.0,0.0,0.0,0.0,0.0,0.0,0.0,0.0,0.0,0.0,0.0
233-222@62j-sk3-249,"sporting_goods,_hobby,_and_musical_instrument_stores",2022-08-01 00:00:00.000,2022-09-01 00:00:00.000,1786.02,11,11,145.95,145.95,0.0,0.0,0.0,0.0,0.0,0.0,0.0,0.0,0.0,0.0,0.0,0.0,0.0,0.0
zzw-222@62j-sjv-b6k,restaurant,2022-08-01 00:00:00.000,2022-09-01 00:00:00.000,647.89,42,33,12.84,17.78,0.0,0.0,0.0,0.0,0.0,0.0,0.0,0.0,0.0,0.0,0.0,0.0,0.0,0.0
zzw-222@62j-sjs-2zf,other_financial_investment_activities,2022-08-01 00:00:00.000,2022-09-01 00:00:00.000,312.62,3,3,13.86,13.86,0.0,0.0,0.0,0.0,0.0,0.0,0.0,0.0,0.0,0.0,0.0,0.0,0.0,0.0
22b-224@62j-sj3-2tv,service,2022-08-01 00:00:00.000,2022-09-01 00:00:00.000,1938.0,14,5,41.0,165.0,0.0,0.0,0.0,0.0,0.0,0.0,0.0,0.0,0.0,0.0,0.0,0.0,0.0,0.0
22d-222@62j-sjv-8qf,restaurant,2022-08-01 00:00:00.000,2022-09-01 00:00:00.000,2578.03,29,25,75.4,89.05,0.0,0.0,0.0,0.0,0.0,0.0,0.0,0.0,0.0,0.0,0.0,0.0,0.0,0.0
222-222@62j-sj2-wx5,restaurant,2022-08-01 00:00:00.000,2022-09-01 00:00:00.000,482.15,25,21,10.2,20.82,0.0,0.0,0.0,0.0,0.0,0.0,0.0,0.0,0.0,0.0,0.0,0.0,0.0,0.0
zzw-222@62j-shx-hbk,offices_of_real_estate_agents_and_brokers,2022-08-01 00:00:00.000,2022-09-01 00:00:00.000,60.0,5,5,10.0,10.0,0.0,0.0,0.0,0.0,0.0,0.0,0.0,0.0,0.0,0.0,0.0,0.0,0.0,0.0
26g-222@62j-sj2-nqz,service,2022-08-01 00:00:00.000,2022-09-01 00:00:00.000,637.73,31,17,7.5,16.5,0.0,0.0,0.0,0.0,0.0,0.0,0.0,0.0,0.0,0.0,0.0,0.0,0.0,0.0
22x-223@62j-sj3-9mk,restaurant,2022-08-01 00:00:00.000,2022-09-01 00:00:00.000,1822.58,16,13,91.34,110.65,0.0,0.0,0.0,0.0,0.0,0.0,0.0,0.0,0.0,0.0,0.0,0.0,0.0,0.0
22m-222@62j-sjv-bc5,"museums,_historical_sites,_and_similar_institutions",2022-08-01 00:00:00.000,2022-09-01 00:00:00.000,139.0,10,8,15.0,14.0,0.0,0.0,0.0,0.0,0.0,0.0,0.0,0.0,0.0,0.0,0.0,0.0,0.0,0.0
263-222@62j-sj2-s89,restaurant,2022-08-01 00:00:00.000,2022-09-01 00:00:00.000,501.04,29,20,12.0,16.65,0.0,0.0,0.0,0.0,0.0,0.0,0.0,0.0,0.0,0.0,0.0,0.0,0.0,0.0
23g-222@62j-sj2-xbk,restaurant,2022-08-01 00:00:00.000,2022-09-01 00:00:00.000,281.13,19,9,7.98,31.0,0.0,0.0,0.0,0.0,0.0,0.0,0.0,0.0,0.0,0.0,0.0,0.0,0.0,0.0
zzw-222@62j-sj2-bzf,restaurant,2022-08-01 00:00:00.000,2022-09-01 00:00:00.000,4255.02,260,178,13.46,18.01,0.0,0.0,0.0,0.0,0.0,0.0,0.0,0.0,0.0,0.0,0.0,0.0,0.0,0.0
zzw-223@62j-sk2-vs5,restaurant,2022-08-01 00:00:00.000,2022-09-01 00:00:00.000,832.37,117,76,5.76,6.83,0.0,0.0,0.0,0.0,0.0,0.0,0.0,0.0,0.0,0.0,0.0,0.0,0.0,0.0
zzw-227@62j-sk2-vs5,restaurant,2022-08-01 00:00:00.000,2022-09-01 00:00:00.000,3393.34,208,136,13.25,15.28,0.0,0.0,0.0,0.0,0.0,0.0,0.0,0.0,0.0,0.0,0.0,0.0,0.0,0.0
227-225@62j-sjv-bc5,book_stores_and_news_dealers,2022-08-01 00:00:00.000,2022-09-01 00:00:00.000,319.24,4,3,88.12,51.24,0.0,0.0,0.0,0.0,0.0,0.0,0.0,0.0,0.0,0.0,0.0,0.0,0.0,0.0
22d-22c@62j-sjv-9zz,restaurant,2022-08-01 00:00:00.000,2022-09-01 00:00:00.000,422.65,9,8,36.0,27.15,0.0,0.0,0.0,0.0,0.0,0.0,0.0,0.0,0.0,0.0,0.0,0.0,0.0,0.0
22r-222@62j-sj2-sdv,automotive_equipment_rental_and_leasing,2022-08-01 00:00:00.000,2022-09-01 00:00:00.000,6070.7,74,64,48.13,51.41,0.0,0.0,0.0,0.0,0.0,0.0,0.0,0.0,0.0,0.0,0.0,0.0,0.0,0.0
236-222@62j-sj2-p35,"general_merchandise_stores,_including_warehouse_clubs_and_supercenters",2022-08-01 00:00:00.000,2022-09-01 00:00:00.000,55561.66,1967,1224,18.95,31.28,0.0,0.0,0.0,0.0,0.0,0.0,0.0,0.0,0.0,0.0,0.0,0.0,0.0,0.0
243-222@62j-sk2-tsq,gasoline_stations,2022-08-01 00:00:00.000,2022-09-01 00:00:00.000,3879.77,99,72,38.6,49.78,0.0,0.0,0.0,0.0,0.0,0.0,0.0,0.0,0.0,0.0,0.0,0.0,0.0,0.0
22m-225@62j-sjs-v75,offices_of_dentists,2022-08-01 00:00:00.000,2022-09-01 00:00:00.000,300.0,2,2,150.0,150.0,0.0,0.0,0.0,0.0,0.0,0.0,0.0,0.0,0.0,0.0,0.0,0.0,0.0,0.0
23k-222@62j-sj3-9mk,"sporting_goods,_hobby,_and_musical_instrument_stores",2022-08-01 00:00:00.000,2022-09-01 00:00:00.000,137.86,3,3,12.41,12.41,0.0,0.0,0.0,0.0,0.0,0.0,0.0,0.0,0.0,0.0,0.0,0.0,0.0,0.0
zzw-222@62j-sj3-3yv,lessors_of_real_estate,2022-08-01 00:00:00.000,2022-09-01 00:00:00.000,69.6,10,5,9.6,19.2,0.0,0.0,0.0,0.0,0.0,0.0,0.0,0.0,0.0,0.0,0.0,0.0,0.0,0.0
22f-222@62j-sk2-y5f,building_material_and_supplies_dealers,2022-08-01 00:00:00.000,2022-09-01 00:00:00.000,9493.96,291,232,20.52,24.93,0.0,0.0,0.0,0.0,0.0,0.0,0.0,0.0,0.0,0.0,0.0,0.0,0.0,0.0
22m-222@62j-sj2-t35,grocery_stores,2022-08-01 00:00:00.000,2022-09-01 00:00:00.000,413.44,54,31,5.81,8.86,0.0,0.0,0.0,0.0,0.0,0.0,0.0,0.0,0.0,0.0,0.0,0.0,0.0,0.0
223-222@62j-sjs-54v,grocery_stores,2022-08-01 00:00:00.000,2022-09-01 00:00:00.000,42599.34,826,438,35.8,58.45,0.0,0.0,0.0,0.0,0.0,0.0,0.0,0.0,0.0,0.0,0.0,0.0,0.0,0.0
222-222@62j-sjs-54v,restaurant,2022-08-01 00:00:00.000,2022-09-01 00:00:00.000,820.58,117,80,6.18,6.98,0.0,0.0,0.0,0.0,0.0,0.0,0.0,0.0,0.0,0.0,0.0,0.0,0.0,0.0
zzw-226@62j-sj2-cdv,education,2022-08-01 00:00:00.000,2022-09-01 00:00:00.000,1169.92,15,8,52.67,136.34,0.0,0.0,0.0,0.0,0.0,0.0,0.0,0.0,0.0,0.0,0.0,0.0,0.0,0.0
zzw-224@62j-sj2-t5f,service,2022-08-01 00:00:00.000,2022-09-01 00:00:00.000,648.0,8,6,93.5,82.5,0.0,0.0,0.0,0.0,0.0,0.0,0.0,0.0,0.0,0.0,0.0,0.0,0.0,0.0
222-226@62j-sj3-33q,grocery_stores,2022-08-01 00:00:00.000,2022-09-01 00:00:00.000,14480.76,642,220,13.3,27.86,0.0,0.0,0.0,0.0,0.0,0.0,0.0,0.0,0.0,0.0,0.0,0.0,0.0,0.0
222-22s@62j-sj3-33q,waste_treatment_and_disposal,2022-08-01 00:00:00.000,2022-09-01 00:00:00.000,972.2,13,13,66.0,66.0,0.0,0.0,0.0,0.0,0.0,0.0,0.0,0.0,0.0,0.0,0.0,0.0,0.0,0.0
23p-222@62j-sj2-t35,restaurant,2022-08-01 00:00:00.000,2022-09-01 00:00:00.000,203.47,5,4,32.72,37.04,0.0,0.0,0.0,0.0,0.0,0.0,0.0,0.0,0.0,0.0,0.0,0.0,0.0,0.0
23y-222@62j-sj2-syv,restaurant,2022-08-01 00:00:00.000,2022-09-01 00:00:00.000,54.14,2,2,27.07,27.07,0.0,0.0,0.0,0.0,0.0,0.0,0.0,0.0,0.0,0.0,0.0,0.0,0.0,0.0
247-223@62j-sj3-9fz,printing_and_related_support_activities,2022-08-01 00:00:00.000,2022-09-01 00:00:00.000,733.68,26,21,28.11,27.62,0.0,0.0,0.0,0.0,0.0,0.0,0.0,0.0,0.0,0.0,0.0,0.0,0.0,0.0
222-222@62j-sj4-t9z,other_miscellaneous_manufacturing,2022-08-01 00:00:00.000,2022-09-01 00:00:00.000,130.0,2,2,65.0,65.0,0.0,0.0,0.0,0.0,0.0,0.0,0.0,0.0,0.0,0.0,0.0,0.0,0.0,0.0
25j-222@62j-sjv-9fz,service,2022-08-01 00:00:00.000,2022-09-01 00:00:00.000,284.57,5,5,8.95,8.95,0.0,0.0,0.0,0.0,0.0,0.0,0.0,0.0,0.0,0.0,0.0,0.0,0.0,0.0
zzw-223@62j-sjs-575,restaurant,2022-08-01 00:00:00.000,2022-09-01 00:00:00.000,891.73,94,42,7.92,12.21,0.0,0.0,0.0,0.0,0.0,0.0,0.0,0.0,0.0,0.0,0.0,0.0,0.0,0.0
228-223@62j-sjv-99f,clothing_stores,2022-08-01 00:00:00.000,2022-09-01 00:00:00.000,690.0,7,6,92.0,113.0,0.0,0.0,0.0,0.0,0.0,0.0,0.0,0.0,0.0,0.0,0.0,0.0,0.0,0.0
222-224@62j-sjt-68v,restaurant,2022-08-01 00:00:00.000,2022-09-01 00:00:00.000,153.91,9,8,19.32,14.97,0.0,0.0,0.0,0.0,0.0,0.0,0.0,0.0,0.0,0.0,0.0,0.0,0.0,0.0
228-222@62j-sjv-b6k,restaurant,2022-08-01 00:00:00.000,2022-09-01 00:00:00.000,1958.68,145,99,9.1,13.65,0.0,0.0,0.0,0.0,0.0,0.0,0.0,0.0,0.0,0.0,0.0,0.0,0.0,0.0
236-223@62j-sjv-bc5,offices_of_physicians,2022-08-01 00:00:00.000,2022-09-01 00:00:00.000,180.6,4,4,51.5,51.5,0.0,0.0,0.0,0.0,0.0,0.0,0.0,0.0,0.0,0.0,0.0,0.0,0.0,0.0
236-222@62j-sjv-bc5,health_and_personal_care_stores,2022-08-01 00:00:00.000,2022-09-01 00:00:00.000,22895.26,1204,790,9.63,14.88,0.0,0.0,0.0,0.0,0.0,0.0,0.0,0.0,0.0,0.0,0.0,0.0,0.0,0.0
25r-222@62j-shx-h3q,"sporting_goods,_hobby,_and_musical_instrument_stores",2022-08-01 00:00:00.000,2022-09-01 00:00:00.000,5943.71,59,56,53.86,62.63,0.0,0.0,0.0,0.0,0.0,0.0,0.0,0.0,0.0,0.0,0.0,0.0,0.0,0.0
265-222@62j-sj2-89z,restaurant,2022-08-01 00:00:00.000,2022-09-01 00:00:00.000,906.17,3,2,275.72,453.09,0.0,0.0,0.0,0.0,0.0,0.0,0.0,0.0,0.0,0.0,0.0,0.0,0.0,0.0
22f-222@62j-sk2-tn5,other_amusement_and_recreation_industries,2022-08-01 00:00:00.000,2022-09-01 00:00:00.000,119.0,2,2,59.5,59.5,0.0,0.0,0.0,0.0,0.0,0.0,0.0,0.0,0.0,0.0,0.0,0.0,0.0,0.0
22g-222@62j-sj2-sh5,lessors_of_real_estate,2022-08-01 00:00:00.000,2022-09-01 00:00:00.000,2500.0,5,3,500.0,1000.0,0.0,0.0,0.0,0.0,0.0,0.0,0.0,0.0,0.0,0.0,0.0,0.0,0.0,0.0
25h-222@62j-sgg-jvz,grocery_stores,2022-08-01 00:00:00.000,2022-09-01 00:00:00.000,1326.94,60,27,16.21,24.98,0.0,0.0,0.0,0.0,0.0,0.0,0.0,0.0,0.0,0.0,0.0,0.0,0.0,0.0
zzw-225@62j-shx-k9f,restaurant,2022-08-01 00:00:00.000,2022-09-01 00:00:00.000,302.05,41,36,7.48,7.9,0.0,0.0,0.0,0.0,0.0,0.0,0.0,0.0,0.0,0.0,0.0,0.0,0.0,0.0
225-225@62j-sgg-fpv,traveler_accommodation,2022-08-01 00:00:00.000,2022-09-01 00:00:00.000,8066.01,54,46,12.85,21.2,0.0,0.0,0.0,0.0,0.0,0.0,0.0,0.0,0.0,0.0,0.0,0.0,0.0,0.0
22t-222@62j-sj2-p35,restaurant,2022-08-01 00:00:00.000,2022-09-01 00:00:00.000,3135.23,218,148,12.57,13.67,0.0,0.0,0.0,0.0,0.0,0.0,0.0,0.0,0.0,0.0,0.0,0.0,0.0,0.0
222-223@62j-sjv-brk,restaurant,2022-08-01 00:00:00.000,2022-09-01 00:00:00.000,546.42,26,20,15.0,16.4,0.0,0.0,0.0,0.0,0.0,0.0,0.0,0.0,0.0,0.0,0.0,0.0,0.0,0.0
245-222@62j-sjv-c5z,restaurant,2022-08-01 00:00:00.000,2022-09-01 00:00:00.000,2895.59,172,82,12.75,18.62,0.0,0.0,0.0,0.0,0.0,0.0,0.0,0.0,0.0,0.0,0.0,0.0,0.0,0.0
224-222@62j-sj2-54v,automotive_repair_and_maintenance,2022-08-01 00:00:00.000,2022-09-01 00:00:00.000,5768.3,10,8,190.31,235.28,0.0,0.0,0.0,0.0,0.0,0.0,0.0,0.0,0.0,0.0,0.0,0.0,0.0,0.0
27g-223@62j-sj2-jqf,restaurant,2022-08-01 00:00:00.000,2022-09-01 00:00:00.000,5678.05,103,81,48.85,53.78,0.0,0.0,0.0,0.0,0.0,0.0,0.0,0.0,0.0,0.0,0.0,0.0,0.0,0.0
zzw-222@62j-sj2-pgk,restaurant,2022-08-01 00:00:00.000,2022-09-01 00:00:00.000,594.23,48,30,12.04,14.39,0.0,0.0,0.0,0.0,0.0,0.0,0.0,0.0,0.0,0.0,0.0,0.0,0.0,0.0
zzy-222@62j-sjv-8qf,restaurant,2022-08-01 00:00:00.000,2022-09-01 00:00:00.000,650.65,12,9,42.19,71.57,0.0,0.0,0.0,0.0,0.0,0.0,0.0,0.0,0.0,0.0,0.0,0.0,0.0,0.0
zzw-222@62j-sk2-v2k,restaurant,2022-08-01 00:00:00.000,2022-09-01 00:00:00.000,7753.56,184,132,25.58,32.94,0.0,0.0,0.0,0.0,0.0,0.0,0.0,0.0,0.0,0.0,0.0,0.0,0.0,0.0
zzw-223@62j-shx-gx5,restaurant,2022-08-01 00:00:00.000,2022-09-01 00:00:00.000,7783.54,166,90,14.68,38.21,0.0,0.0,0.0,0.0,0.0,0.0,0.0,0.0,0.0,0.0,0.0,0.0,0.0,0.0
zzy-222@62j-sjs-435,department_stores,2022-08-01 00:00:00.000,2022-09-01 00:00:00.000,13634.9,235,191,41.43,47.79,0.0,0.0,0.0,0.0,0.0,0.0,0.0,0.0,0.0,0.0,0.0,0.0,0.0,0.0
