PLACEKEY,SPEND_DATE_RANGE_START,SPEND_DATE_RANGE_END,year,month,period_id,period_days,RAW_TOTAL_SPEND,RAW_NUM_TRANSACTIONS,RAW_NUM_CUSTOMERS,MEDIAN_SPEND_PER_TRANSACTION,MEDIAN_SPEND_PER_CUSTOMER,daily_spend,daily_transactions,daily_customers,avg_spend_per_customer,avg_spend_per_transaction,ONLINE_SPEND,physical_spend,pct_online_spend,pct_physical_spend,SPEND_PCT_CHANGE_VS_PREV_MONTH,SPEND_PCT_CHANGE_VS_PREV_YEAR,growth_category
222-224@62j-sj3-33q,2022-08-01,2022-09-01,2022,8,2022-08,31,6364.7,126,92,41.5,48.15,205.31290322580645,4.064516129032258,2.967741935483871,69.18152173913043,50.51349206349206,6364.7,0.0,1.0,0.0,-32.0,16.0,declining
23s-223@62j-sj2-435,2022-08-01,2022-09-01,2022,8,2022-08,31,1813.01,43,34,29.75,38.0,58.4841935483871,1.3870967741935485,1.096774193548387,53.32382352941176,42.163023255813954,0.0,1813.01,0.0,1.0,-43.0,-41.0,declining
22d-222@62j-sjv-9zz,2022-08-01,2022-09-01,2022,8,2022-08,31,1068.06,37,31,25.29,32.07,34.453548387096774,1.1935483870967742,1.0,34.453548387096774,28.866486486486487,0.0,1068.06,0.0,1.0,-48.0,7.0,declining
237-223@62j-sjw-v9f,2022-08-01,2022-09-01,2022,8,2022-08,31,1128.09,5,5,214.0,214.0,36.39,0.16129032258064516,0.16129032258064516,225.618,225.618,0.0,1128.09,0.0,1.0,25.0,29.0,growing
zzw-222@62j-sk3-649,2022-08-01,2022-09-01,2022,8,2022-08,31,884.67,29,26,14.0,15.63,28.53774193548387,0.9354838709677419,0.8387096774193549,34.02576923076923,30.505862068965516,0.0,884.67,0.0,1.0,-9.0,-10.0,declining
24z-222@62j-sjv-975,2022-08-01,2022-09-01,2022,8,2022-08,31,414.43,5,3,98.64,197.28,13.368709677419355,0.16129032258064516,0.0967741935483871,138.14333333333335,82.886,0.0,414.43,0.0,1.0,-47.0,,declining
223-222@62j-sjs-575,2022-08-01,2022-09-01,2022,8,2022-08,31,3192.67,8,8,179.51,179.51,102.98935483870967,0.25806451612903225,0.25806451612903225,399.08375,399.08375,0.0,3192.67,0.0,1.0,964.0,,growing
226-222@62j-sjv-q75,2022-08-01,2022-09-01,2022,8,2022-08,31,2816.7,11,9,227.28,295.77,90.86129032258064,0.3548387096774194,0.2903225806451613,312.96666666666664,256.06363636363636,2816.7,0.0,1.0,0.0,99.0,40.0,growing
228-223@62j-sjv-9zz,2022-08-01,2022-09-01,2022,8,2022-08,31,594.19,39,24,12.3,16.54,19.16741935483871,1.2580645161290323,0.7741935483870968,24.75791666666667,15.235641025641026,0.0,594.19,0.0,1.0,-45.0,-45.0,declining
24q-222@62j-sjv-8qf,2022-08-01,2022-09-01,2022,8,2022-08,31,407.61,55,35,4.95,9.9,13.148709677419355,1.7741935483870968,1.1290322580645162,11.646,7.411090909090909,0.0,407.61,0.0,1.0,-22.0,,declining
22t-222@62j-sj2-sqz,2022-08-01,2022-09-01,2022,8,2022-08,31,2640.4,92,65,21.19,29.0,85.1741935483871,2.967741935483871,2.096774193548387,40.621538461538464,28.7,0.0,2640.4,0.0,1.0,-36.0,1.0,declining
236-223@62j-sjv-99f,2022-08-01,2022-09-01,2022,8,2022-08,31,4116.02,30,28,83.05,133.5,132.77483870967743,0.967741935483871,0.9032258064516129,147.0007142857143,137.20066666666668,0.0,4116.02,0.0,1.0,65.0,44.0,growing
zzw-22j@62j-shx-jy9,2022-08-01,2022-09-01,2022,8,2022-08,31,285.17,8,7,21.14,22.29,9.199032258064516,0.25806451612903225,0.22580645161290322,40.73857142857143,35.64625,0.0,285.17,0.0,1.0,-66.0,-80.0,declining
24d-222@62j-sj3-89z,2022-08-01,2022-09-01,2022,8,2022-08,31,655.95,5,3,100.89,201.78,21.15967741935484,0.16129032258064516,0.0967741935483871,218.65,131.19,0.0,655.95,0.0,1.0,1024.0,314.0,growing
zzw-222@62j-sgg-jvz,2022-08-01,2022-09-01,2022,8,2022-08,31,53.21,3,2,19.11,26.61,1.716451612903226,0.0967741935483871,0.06451612903225806,26.605,17.736666666666668,0.0,53.21,0.0,1.0,,,
zzw-23t@62j-shx-k9f,2022-08-01,2022-09-01,2022,8,2022-08,31,179.97,4,4,48.99,48.99,5.805483870967742,0.12903225806451613,0.12903225806451613,44.9925,44.9925,0.0,179.97,0.0,1.0,-80.0,-83.0,declining
zzy-222@62j-sjt-4y9,2022-08-01,2022-09-01,2022,8,2022-08,31,827.78,115,63,5.76,6.8,26.70258064516129,3.7096774193548385,2.032258064516129,13.13936507936508,7.198086956521739,6.72,821.06,0.008118099011814733,0.9918819009881853,60.0,20.0,growing
227-222@62j-sjv-bc5,2022-08-01,2022-09-01,2022,8,2022-08,31,248.0,5,5,58.0,58.0,8.0,0.16129032258064516,0.16129032258064516,49.6,49.6,70.0,178.0,0.28225806451612906,0.717741935483871,-66.0,-21.0,declining
223-222@62j-sgg-fs5,2022-08-01,2022-09-01,2022,8,2022-08,31,96751.53,309,248,95.61,124.28,3121.0170967741933,9.96774193548387,8.0,390.12713709677416,313.11174757281555,310.01,96441.52,0.0032041870552331317,0.9967958129447668,37.0,-21.0,growing
234-222@62j-sj2-rkz,2022-08-01,2022-09-01,2022,8,2022-08,31,1299.0,5,5,200.0,200.0,41.903225806451616,0.16129032258064516,0.16129032258064516,259.8,259.8,0.0,1299.0,0.0,1.0,-14.0,,declining
22t-222@62j-shx-tjv,2022-08-01,2022-09-01,2022,8,2022-08,31,232.49,2,2,116.25,116.25,7.499677419354839,0.06451612903225806,0.06451612903225806,116.245,116.245,0.0,232.49,0.0,1.0,,35.0,
22z-222@62j-shx-j7q,2022-08-01,2022-09-01,2022,8,2022-08,31,316.23,17,13,22.24,24.62,10.200967741935484,0.5483870967741935,0.41935483870967744,24.325384615384618,18.601764705882353,316.23,0.0,1.0,0.0,-18.0,-53.0,declining
zzw-222@62j-sj2-f9f,2022-08-01,2022-09-01,2022,8,2022-08,31,1962.49,37,28,42.17,49.14,63.30612903225806,1.1935483870967742,0.9032258064516129,70.08892857142857,53.04027027027027,1962.49,0.0,1.0,0.0,-32.0,53.0,declining
zzw-22d@62j-shx-tjv,2022-08-01,2022-09-01,2022,8,2022-08,31,398.45,2,2,199.23,199.23,12.853225806451613,0.06451612903225806,0.06451612903225806,199.225,199.225,398.45,0.0,1.0,0.0,-30.0,74.0,declining
zzw-22f@62j-shx-jy9,2022-08-01,2022-09-01,2022,8,2022-08,31,4910.23,125,113,27.97,30.09,158.39451612903224,4.032258064516129,3.6451612903225805,43.453362831858406,39.281839999999995,0.0,4910.23,0.0,1.0,-4.0,20.0,declining
zzw-222@62j-sjs-575,2022-08-01,2022-09-01,2022,8,2022-08,31,2970.86,159,115,12.57,16.69,95.8341935483871,5.129032258064516,3.7096774193548385,25.833565217391307,18.684654088050316,3.06,2967.8,0.0010300047797607427,0.9989699952202392,53.0,67.0,growing
234-223@62j-sjy-7yv,2022-08-01,2022-09-01,2022,8,2022-08,31,647.0,11,4,62.0,114.5,20.870967741935484,0.3548387096774194,0.12903225806451613,161.75,58.81818181818182,0.0,647.0,0.0,1.0,356.0,,growing
225-222@62j-sj2-t35,2022-08-01,2022-09-01,2022,8,2022-08,31,85.6,7,5,12.79,13.86,2.761290322580645,0.22580645161290322,0.16129032258064516,17.119999999999997,12.228571428571428,0.0,85.6,0.0,1.0,-29.0,-38.0,declining
22f-223@62j-sk2-zzz,2022-08-01,2022-09-01,2022,8,2022-08,31,485.42,6,5,86.56,95.18,15.658709677419356,0.1935483870967742,0.16129032258064516,97.084,80.90333333333334,0.0,485.42,0.0,1.0,,,
24m-223@62j-sjv-9zz,2022-08-01,2022-09-01,2022,8,2022-08,31,6072.17,121,86,29.0,39.61,195.87645161290322,3.903225806451613,2.774193548387097,70.60662790697674,50.18322314049587,4554.35,1517.8199999999997,0.7500366425841174,0.2499633574158826,-1.0,90.0,declining
26n-222@62j-sj2-vmk,2022-08-01,2022-09-01,2022,8,2022-08,31,818.47,75,35,10.16,14.14,26.40225806451613,2.4193548387096775,1.1290322580645162,23.384857142857143,10.912933333333333,0.0,818.47,0.0,1.0,-40.0,474.0,declining
26n-224@62j-sjv-j7q,2022-08-01,2022-09-01,2022,8,2022-08,31,408.49,3,3,136.98,136.98,13.177096774193549,0.0967741935483871,0.0967741935483871,136.16333333333333,136.16333333333333,408.49,0.0,1.0,0.0,132.0,16.0,growing
223-222@62j-sk2-tsq,2022-08-01,2022-09-01,2022,8,2022-08,31,341.14,7,6,52.43,38.52,11.004516129032258,0.22580645161290322,0.1935483870967742,56.85666666666666,48.73428571428571,0.0,341.14,0.0,1.0,248.0,76.0,growing
23v-222@62j-sjv-8y9,2022-08-01,2022-09-01,2022,8,2022-08,31,1636.54,4,2,410.88,818.27,52.791612903225804,0.12903225806451613,0.06451612903225806,818.27,409.135,0.0,1636.54,0.0,1.0,,,
zzw-222@62j-sjr-zpv,2022-08-01,2022-09-01,2022,8,2022-08,31,46693.37,709,355,39.54,59.0,1506.2377419354839,22.870967741935484,11.451612903225806,131.53061971830988,65.8580677009873,86.98,46606.39,0.0018627912271056896,0.9981372087728944,5.0,3.0,growing
229-222@62j-sj2-rzf,2022-08-01,2022-09-01,2022,8,2022-08,31,794.22,19,15,38.0,40.84,25.62,0.6129032258064516,0.4838709677419355,52.948,41.80105263157895,0.0,794.22,0.0,1.0,150.0,160.0,growing
235-222@62j-sj2-syv,2022-08-01,2022-09-01,2022,8,2022-08,31,83.72,9,5,10.38,16.32,2.7006451612903226,0.2903225806451613,0.16129032258064516,16.744,9.302222222222222,0.0,83.72,0.0,1.0,,,
zzw-225@62j-sjv-8y9,2022-08-01,2022-09-01,2022,8,2022-08,31,237.95,7,4,23.67,55.76,7.675806451612903,0.22580645161290322,0.12903225806451613,59.4875,33.99285714285714,0.0,237.95,0.0,1.0,-59.0,-24.0,declining
234-222@62j-sk2-tsq,2022-08-01,2022-09-01,2022,8,2022-08,31,964.91,32,21,32.34,35.15,31.126129032258063,1.032258064516129,0.6774193548387096,45.948095238095235,30.1534375,0.0,964.91,0.0,1.0,-3.0,241.0,declining
zzy-222@62j-sj2-7dv,2022-08-01,2022-09-01,2022,8,2022-08,31,2632.63,136,87,19.81,21.03,84.92354838709677,4.387096774193548,2.806451612903226,30.260114942528737,19.357573529411766,0.0,2632.63,0.0,1.0,-50.0,42.0,declining
zzw-228@62j-shx-k9f,2022-08-01,2022-09-01,2022,8,2022-08,31,227.0,4,2,56.75,113.5,7.32258064516129,0.12903225806451613,0.06451612903225806,113.5,56.75,0.0,227.0,0.0,1.0,-76.0,-76.0,declining
227-224@62j-sjz-jqf,2022-08-01,2022-09-01,2022,8,2022-08,31,84.35,2,2,42.18,42.18,2.7209677419354836,0.06451612903225806,0.06451612903225806,42.175,42.175,79.0,5.349999999999994,0.9365737996443392,0.06342620035566082,,,
23b-222@62j-sjs-yqf,2022-08-01,2022-09-01,2022,8,2022-08,31,87.5,4,4,19.75,19.75,2.8225806451612905,0.12903225806451613,0.12903225806451613,21.875,21.875,0.0,87.5,0.0,1.0,-90.0,-88.0,declining
zzw-227@62j-sj2-s5z,2022-08-01,2022-09-01,2022,8,2022-08,31,7139.49,138,110,48.1,53.6,230.30612903225807,4.451612903225806,3.5483870967741935,64.90445454545454,51.73543478260869,321.58,6817.91,0.045042433002917576,0.9549575669970825,-27.0,37.0,declining
zzz-223@62j-sjr-z9f,2022-08-01,2022-09-01,2022,8,2022-08,31,161.73,5,3,20.68,41.36,5.217096774193548,0.16129032258064516,0.0967741935483871,53.91,32.346,125.73,35.999999999999986,0.7774067890929327,0.2225932109070673,-38.0,,declining
zzw-222@62j-shx-jvz,2022-08-01,2022-09-01,2022,8,2022-08,31,1052.39,51,46,17.24,18.79,33.94806451612904,1.6451612903225807,1.4838709677419355,22.87804347826087,20.635098039215688,0.0,1052.39,0.0,1.0,-6.0,16.0,declining
24w-222@62j-sk2-w8v,2022-08-01,2022-09-01,2022,8,2022-08,31,750.0,2,2,375.0,375.0,24.193548387096776,0.06451612903225806,0.06451612903225806,375.0,375.0,0.0,750.0,0.0,1.0,,,
25d-222@62j-sj2-p35,2022-08-01,2022-09-01,2022,8,2022-08,31,1398.28,30,26,37.09,34.94,45.1058064516129,0.967741935483871,0.8387096774193549,53.78,46.60933333333333,0.0,1398.28,0.0,1.0,-35.0,142.0,declining
23h-222@62j-sj3-9mk,2022-08-01,2022-09-01,2022,8,2022-08,31,1086.48,47,26,18.03,25.25,35.04774193548387,1.5161290322580645,0.8387096774193549,41.78769230769231,23.11659574468085,0.0,1086.48,0.0,1.0,-12.0,95.0,declining
26z-222@62j-sjv-j7q,2022-08-01,2022-09-01,2022,8,2022-08,31,802.58,90,51,5.82,12.0,25.88967741935484,2.903225806451613,1.6451612903225807,15.73686274509804,8.917555555555555,36.09,766.49,0.044967479877395404,0.9550325201226046,-26.0,,declining
zzw-22s@62j-shx-tjv,2022-08-01,2022-09-01,2022,8,2022-08,31,3861.2,185,147,9.87,15.22,124.55483870967741,5.967741935483871,4.741935483870968,26.266666666666666,20.87135135135135,1235.87,2625.33,0.32007407023723194,0.679925929762768,41.0,27.0,growing
226-22d@62j-sk2-vcq,2022-08-01,2022-09-01,2022,8,2022-08,31,100.0,3,2,24.0,50.0,3.225806451612903,0.0967741935483871,0.06451612903225806,50.0,33.333333333333336,100.0,0.0,1.0,0.0,-69.0,-26.0,declining
zzw-22b@62j-sk2-vs5,2022-08-01,2022-09-01,2022,8,2022-08,31,1020.22,35,32,21.84,23.71,32.910322580645165,1.1290322580645162,1.032258064516129,31.881875,29.14914285714286,0.0,1020.22,0.0,1.0,10.0,10.0,growing
226-222@62j-sj2-c3q,2022-08-01,2022-09-01,2022,8,2022-08,31,10877.76,190,144,33.83,41.99,350.8954838709677,6.129032258064516,4.645161290322581,75.54,57.25136842105263,7444.66,3433.1000000000004,0.6843927426234813,0.31560725737651874,-6.0,29.0,declining
25h-222@62j-sk3-249,2022-08-01,2022-09-01,2022,8,2022-08,31,5323.02,429,240,10.0,12.39,171.71032258064517,13.838709677419354,7.741935483870968,22.179250000000003,12.40797202797203,101.48,5221.540000000001,0.019064365717205645,0.9809356342827944,8.0,629.0,growing
zzw-22c@62j-sk2-vs5,2022-08-01,2022-09-01,2022,8,2022-08,31,404.5,19,16,15.23,15.25,13.048387096774194,0.6129032258064516,0.5161290322580645,25.28125,21.289473684210527,0.0,404.5,0.0,1.0,8.0,26.0,growing
zzw-22q@62j-shx-k9f,2022-08-01,2022-09-01,2022,8,2022-08,31,1253.87,94,76,12.44,14.32,40.44741935483871,3.032258064516129,2.4516129032258065,16.49828947368421,13.339042553191488,0.0,1253.87,0.0,1.0,-11.0,8.0,declining
22c-222@62j-sj3-9mk,2022-08-01,2022-09-01,2022,8,2022-08,31,3210.58,81,55,34.0,52.0,103.56709677419354,2.6129032258064515,1.7741935483870968,58.37418181818182,39.63679012345679,53.35,3157.23,0.016616935257803885,0.9833830647421962,-18.0,1.0,declining
22s-226@62j-sjv-bc5,2022-08-01,2022-09-01,2022,8,2022-08,31,354.47,17,12,13.51,16.57,11.434516129032259,0.5483870967741935,0.3870967741935484,29.53916666666667,20.851176470588236,11.76,342.71000000000004,0.03317629136457246,0.9668237086354275,-3.0,62.0,declining
zzw-226@62j-sjv-9fz,2022-08-01,2022-09-01,2022,8,2022-08,31,28.0,2,2,14.0,14.0,0.9032258064516129,0.06451612903225806,0.06451612903225806,14.0,14.0,0.0,28.0,0.0,1.0,,,
zzw-227@62j-shx-tjv,2022-08-01,2022-09-01,2022,8,2022-08,31,413.29,3,3,139.88,139.88,13.331935483870968,0.0967741935483871,0.0967741935483871,137.76333333333335,137.76333333333335,0.0,413.29,0.0,1.0,-7.0,-5.0,declining
23t-223@62j-sj2-s5z,2022-08-01,2022-09-01,2022,8,2022-08,31,449.07,43,34,8.48,9.02,14.486129032258065,1.3870967741935485,1.096774193548387,13.207941176470587,10.443488372093023,0.0,449.07,0.0,1.0,-64.0,,declining
25y-222@62j-sj2-jn5,2022-08-01,2022-09-01,2022,8,2022-08,31,428.5,6,6,72.25,72.25,13.82258064516129,0.1935483870967742,0.1935483870967742,71.41666666666667,71.41666666666667,0.0,428.5,0.0,1.0,-46.0,,declining
27g-222@62j-sj2-jqf,2022-08-01,2022-09-01,2022,8,2022-08,31,963.64,6,6,142.9,142.9,31.08516129032258,0.1935483870967742,0.1935483870967742,160.60666666666665,160.60666666666665,0.0,963.64,0.0,1.0,5.0,62.0,growing
zzw-225@62j-sjs-3yv,2022-08-01,2022-09-01,2022,8,2022-08,31,1966.35,189,139,8.98,10.8,63.43064516129032,6.096774193548387,4.483870967741935,14.146402877697842,10.403968253968253,52.72,1913.6299999999999,0.02681109670201134,0.9731889032979887,5.0,5.0,growing
222-222@62j-sj3-47q,2022-08-01,2022-09-01,2022,8,2022-08,31,21986.83,74,58,62.43,120.23,709.2525806451614,2.3870967741935485,1.8709677419354838,379.083275862069,297.11932432432434,67.5,21919.33,0.0030700196435775413,0.9969299803564224,28.0,-8.0,growing
23f-222@62j-sjs-6x5,2022-08-01,2022-09-01,2022,8,2022-08,31,272.45,8,4,24.5,62.16,8.788709677419355,0.25806451612903225,0.12903225806451613,68.1125,34.05625,0.0,272.45,0.0,1.0,42.0,-56.0,growing
23f-223@62j-sjv-975,2022-08-01,2022-09-01,2022,8,2022-08,31,3555.07,273,136,10.61,15.42,114.67967741935485,8.806451612903226,4.387096774193548,26.140220588235294,13.022234432234432,0.0,3555.07,0.0,1.0,-22.0,,declining
22x-222@62j-sk3-2c5,2022-08-01,2022-09-01,2022,8,2022-08,31,50.24,3,2,16.38,25.12,1.6206451612903225,0.0967741935483871,0.06451612903225806,25.12,16.746666666666666,32.76,17.480000000000004,0.6520700636942675,0.34792993630573255,,,
23j-222@62j-sjy-c89,2022-08-01,2022-09-01,2022,8,2022-08,31,1092.8,4,2,273.2,546.4,35.251612903225805,0.12903225806451613,0.06451612903225806,546.4,273.2,0.0,1092.8,0.0,1.0,,,
23p-222@62j-sj2-5j9,2022-08-01,2022-09-01,2022,8,2022-08,31,2341.5,26,24,68.3,57.52,75.53225806451613,0.8387096774193549,0.7741935483870968,97.5625,90.0576923076923,0.0,2341.5,0.0,1.0,-70.0,-39.0,declining
236-222@62j-sj2-hnq,2022-08-01,2022-09-01,2022,8,2022-08,31,87.56,9,8,8.56,8.56,2.8245161290322582,0.2903225806451613,0.25806451612903225,10.945,9.72888888888889,87.56,0.0,1.0,0.0,-53.0,-76.0,declining
229-222@62j-sjv-99f,2022-08-01,2022-09-01,2022,8,2022-08,31,14764.76,155,124,71.92,88.9,476.2825806451613,5.0,4.0,119.07064516129033,95.25651612903226,0.0,14764.76,0.0,1.0,-30.0,70.0,declining
22b-222@62j-sk2-y5f,2022-08-01,2022-09-01,2022,8,2022-08,31,1089.57,118,67,8.24,10.5,35.14741935483871,3.806451612903226,2.161290322580645,16.26223880597015,9.23364406779661,1089.57,0.0,1.0,0.0,-46.0,60.0,declining
23h-222@62j-sjv-g6k,2022-08-01,2022-09-01,2022,8,2022-08,31,57.09,3,3,20.0,20.0,1.8416129032258066,0.0967741935483871,0.0967741935483871,19.03,19.03,57.09,0.0,1.0,0.0,,-88.0,
23y-222@62j-sjv-bc5,2022-08-01,2022-09-01,2022,8,2022-08,31,2927.43,174,113,13.8,18.12,94.4332258064516,5.612903225806452,3.6451612903225805,25.90646017699115,16.824310344827584,1196.22,1731.2099999999998,0.4086246297947347,0.5913753702052653,6.0,981.0,growing
28v-222@62j-sjv-j7q,2022-08-01,2022-09-01,2022,8,2022-08,31,5198.85,10,7,246.5,59.0,167.70483870967743,0.3225806451612903,0.22580645161290322,742.6928571428572,519.885,0.0,5198.85,0.0,1.0,-13.0,,declining
zzz-222@62j-sjv-d35,2022-08-01,2022-09-01,2022,8,2022-08,31,1418.3,42,29,25.13,39.61,45.751612903225805,1.3548387096774193,0.9354838709677419,48.90689655172414,33.76904761904762,0.0,1418.3,0.0,1.0,-56.0,-31.0,declining
228-224@62j-sjv-b6k,2022-08-01,2022-09-01,2022,8,2022-08,31,1126.63,30,22,35.74,47.48,36.34290322580645,0.967741935483871,0.7096774193548387,51.21045454545455,37.55433333333334,24.99,1101.64,0.022181195245999128,0.9778188047540008,-68.0,-34.0,declining
zzw-223@62j-sjv-9mk,2022-08-01,2022-09-01,2022,8,2022-08,31,2891.23,49,43,46.96,48.65,93.26548387096774,1.5806451612903225,1.3870967741935485,67.23790697674418,59.00469387755102,8.9,2882.33,0.0030782746443555166,0.9969217253556445,-9.0,36.0,declining
226-222@62j-sj3-5j9,2022-08-01,2022-09-01,2022,8,2022-08,31,1832.95,114,80,14.39,17.1,59.127419354838715,3.6774193548387095,2.5806451612903225,22.911875000000002,16.078508771929826,113.69,1719.26,0.06202569628194986,0.9379743037180501,-3.0,256.0,declining
23x-222@62j-sjv-9zz,2022-08-01,2022-09-01,2022,8,2022-08,31,3026.64,226,147,9.58,13.05,97.63354838709677,7.290322580645161,4.741935483870968,20.58938775510204,13.39221238938053,0.0,3026.64,0.0,1.0,-36.0,44.0,declining
245-223@62j-sjv-c5z,2022-08-01,2022-09-01,2022,8,2022-08,31,4160.15,321,194,10.0,11.36,134.19838709677418,10.35483870967742,6.258064516129032,21.44407216494845,12.959968847352023,381.45,3778.7,0.09169140535797989,0.9083085946420201,-11.0,747.0,declining
zzw-227@62j-shx-k9f,2022-08-01,2022-09-01,2022,8,2022-08,31,997.73,64,54,13.83,13.83,32.18483870967742,2.064516129032258,1.7419354838709677,18.476481481481482,15.58953125,0.0,997.73,0.0,1.0,33.0,18.0,growing
223-224@62j-sj2-snq,2022-08-01,2022-09-01,2022,8,2022-08,31,2994.0,83,54,29.0,49.0,96.58064516129032,2.6774193548387095,1.7419354838709677,55.44444444444444,36.0722891566265,0.0,2994.0,0.0,1.0,2.0,102.0,growing
233-223@62j-sk3-249,2022-08-01,2022-09-01,2022,8,2022-08,31,288.65,9,8,24.3,21.65,9.311290322580644,0.2903225806451613,0.25806451612903225,36.08125,32.07222222222222,0.0,288.65,0.0,1.0,-43.0,2.0,declining
23k-222@62j-sj2-mkz,2022-08-01,2022-09-01,2022,8,2022-08,31,378.33,27,16,9.98,17.47,12.204193548387096,0.8709677419354839,0.5161290322580645,23.645625,14.012222222222222,0.0,378.33,0.0,1.0,-22.0,8.0,declining
23w-222@62j-sj2-4vz,2022-08-01,2022-09-01,2022,8,2022-08,31,537.72,72,43,6.14,11.31,17.345806451612905,2.3225806451612905,1.3870967741935485,12.505116279069767,7.468333333333334,0.0,537.72,0.0,1.0,8.0,-29.0,growing
242-222@62j-sj3-9fz,2022-08-01,2022-09-01,2022,8,2022-08,31,556.65,7,4,42.2,112.7,17.956451612903226,0.22580645161290322,0.12903225806451613,139.1625,79.52142857142857,0.0,556.65,0.0,1.0,7.0,247.0,growing
249-222@62j-sjv-bc5,2022-08-01,2022-09-01,2022,8,2022-08,31,3695.9,102,58,29.64,47.92,119.22258064516129,3.2903225806451615,1.8709677419354838,63.72241379310345,36.234313725490196,0.0,3695.9,0.0,1.0,-51.0,23.0,declining
2k3-222@62j-sj2-jjv,2022-08-01,2022-09-01,2022,8,2022-08,31,898.77,39,20,18.85,35.5,28.99258064516129,1.2580645161290323,0.6451612903225806,44.9385,23.045384615384616,0.0,898.77,0.0,1.0,-32.0,-10.0,declining
22r-222@62j-shx-jgk,2022-08-01,2022-09-01,2022,8,2022-08,31,181.12,2,2,90.56,90.56,5.8425806451612905,0.06451612903225806,0.06451612903225806,90.56,90.56,0.0,181.12,0.0,1.0,,,
22x-222@62j-sj2-ffz,2022-08-01,2022-09-01,2022,8,2022-08,31,428.29,11,9,36.49,36.6,13.815806451612904,0.3548387096774194,0.2903225806451613,47.58777777777778,38.93545454545455,0.0,428.29,0.0,1.0,-20.0,24.0,declining
2hb-222@62j-sj2-jjv,2022-08-01,2022-09-01,2022,8,2022-08,31,676.78,23,21,20.0,20.0,21.831612903225807,0.7419354838709677,0.6774193548387096,32.227619047619044,29.425217391304347,0.0,676.78,0.0,1.0,-16.0,-27.0,declining
23g-222@62j-sjv-975,2022-08-01,2022-09-01,2022,8,2022-08,31,755.25,9,8,71.56,65.78,24.362903225806452,0.2903225806451613,0.25806451612903225,94.40625,83.91666666666667,0.0,755.25,0.0,1.0,65.0,-51.0,growing
22b-223@62j-sk2-y5f,2022-08-01,2022-09-01,2022,8,2022-08,31,7010.71,208,151,28.62,36.1,226.15193548387097,6.709677419354839,4.870967741935484,46.42854304635762,33.70533653846154,0.0,7010.71,0.0,1.0,10.0,40.0,growing
zzw-228@62j-sjv-9mk,2022-08-01,2022-09-01,2022,8,2022-08,31,716.66,4,4,172.53,172.53,23.11806451612903,0.12903225806451613,0.12903225806451613,179.165,179.165,0.0,716.66,0.0,1.0,-26.0,-5.0,declining
zzy-222@62j-sjv-9zz,2022-08-01,2022-09-01,2022,8,2022-08,31,2263.01,121,108,15.49,17.25,73.00032258064518,3.903225806451613,3.4838709677419355,20.9537962962963,18.702561983471075,52.11,2210.9,0.02302685361531765,0.9769731463846824,-28.0,49.0,declining
zzw-238@62j-shx-k9f,2022-08-01,2022-09-01,2022,8,2022-08,31,190.0,4,4,45.0,45.0,6.129032258064516,0.12903225806451613,0.12903225806451613,47.5,47.5,0.0,190.0,0.0,1.0,-72.0,94.0,declining
22r-223@62j-sj2-6hq,2022-08-01,2022-09-01,2022,8,2022-08,31,3416.17,133,99,19.2,28.75,110.19903225806452,4.290322580645161,3.193548387096774,34.50676767676768,25.68548872180451,326.73,3089.44,0.09564219579236397,0.904357804207636,30.0,8.0,growing
227-222@62j-sjs-575,2022-08-01,2022-09-01,2022,8,2022-08,31,1134.55,56,41,17.59,20.99,36.59838709677419,1.8064516129032258,1.3225806451612903,27.671951219512195,20.259821428571428,0.0,1134.55,0.0,1.0,-56.0,-54.0,declining
224-223@62j-sj2-rkz,2022-08-01,2022-09-01,2022,8,2022-08,31,78.1,6,6,11.37,11.37,2.519354838709677,0.1935483870967742,0.1935483870967742,13.016666666666666,13.016666666666666,0.0,78.1,0.0,1.0,182.0,,growing
zzw-222@62j-sj3-2kz,2022-08-01,2022-09-01,2022,8,2022-08,31,278.5,2,2,139.25,139.25,8.983870967741936,0.06451612903225806,0.06451612903225806,139.25,139.25,0.0,278.5,0.0,1.0,,-87.0,
22b-222@62j-sk2-zvf,2022-08-01,2022-09-01,2022,8,2022-08,31,313.08,4,2,78.27,156.54,10.099354838709678,0.12903225806451613,0.06451612903225806,156.54,78.27,313.08,0.0,1.0,0.0,,,
zzy-22b@62j-sk2-vmk,2022-08-01,2022-09-01,2022,8,2022-08,31,22228.74,611,385,20.62,33.03,717.0561290322581,19.70967741935484,12.419354838709678,57.736987012987015,36.380916530278235,263.37,21965.370000000003,0.011848174930292945,0.988151825069707,50.0,60.0,growing
24w-222@62j-sk3-649,2022-08-01,2022-09-01,2022,8,2022-08,31,306.5,2,2,153.25,153.25,9.887096774193548,0.06451612903225806,0.06451612903225806,153.25,153.25,126.5,180.0,0.41272430668841764,0.5872756933115824,,-35.0,
222-226@62j-sgg-kfz,2022-08-01,2022-09-01,2022,8,2022-08,31,18.0,6,3,3.0,6.0,0.5806451612903226,0.1935483870967742,0.0967741935483871,6.0,3.0,0.0,18.0,0.0,1.0,,,
zzw-227@62j-sj2-p35,2022-08-01,2022-09-01,2022,8,2022-08,31,2340.21,181,126,8.79,13.95,75.49064516129032,5.838709677419355,4.064516129032258,18.573095238095238,12.929337016574586,1790.68,549.53,0.7651791933202576,0.23482080667974237,24.0,-14.0,growing
24q-222@62j-sk2-v2k,2022-08-01,2022-09-01,2022,8,2022-08,31,37.69,3,3,9.45,9.45,1.2158064516129032,0.0967741935483871,0.0967741935483871,12.563333333333333,12.563333333333333,0.0,37.69,0.0,1.0,,-78.0,
225-223@62j-sjv-qmk,2022-08-01,2022-09-01,2022,8,2022-08,31,2093.01,22,17,29.28,52.41,67.51645161290324,0.7096774193548387,0.5483870967741935,123.11823529411765,95.13681818181819,0.0,2093.01,0.0,1.0,-85.0,-82.0,declining
zzw-226@62j-sj2-rkz,2022-08-01,2022-09-01,2022,8,2022-08,31,7485.04,412,267,10.93,17.07,241.45290322580644,13.290322580645162,8.612903225806452,28.03385767790262,18.16757281553398,5.0,7480.04,0.0006679991022092067,0.9993320008977908,10.0,6.0,growing
22s-222@62j-sjt-3qz,2022-08-01,2022-09-01,2022,8,2022-08,31,449.19,4,4,101.91,101.91,14.49,0.12903225806451613,0.12903225806451613,112.2975,112.2975,449.19,0.0,1.0,0.0,88.0,-82.0,growing
22d-222@62j-sjt-kxq,2022-08-01,2022-09-01,2022,8,2022-08,31,4465.12,282,194,12.81,17.39,144.03612903225806,9.096774193548388,6.258064516129032,23.016082474226803,15.833758865248226,2786.61,1678.5099999999998,0.6240840111799907,0.3759159888200093,12.0,32.0,growing
253-222@62j-sk3-66k,2022-08-01,2022-09-01,2022,8,2022-08,31,1108.37,96,57,9.23,12.78,35.75387096774193,3.096774193548387,1.8387096774193548,19.445087719298243,11.545520833333333,56.37,1052.0,0.05085846784016168,0.9491415321598383,-29.0,124.0,declining
222-222@62j-sj2-t35,2022-08-01,2022-09-01,2022,8,2022-08,31,1155.65,21,16,28.69,35.63,37.27903225806452,0.6774193548387096,0.5161290322580645,72.228125,55.030952380952385,0.0,1155.65,0.0,1.0,-16.0,74.0,declining
zzw-233@62j-shx-k9f,2022-08-01,2022-09-01,2022,8,2022-08,31,761.66,62,51,11.0,11.61,24.56967741935484,2.0,1.6451612903225807,14.934509803921568,12.28483870967742,21.1,740.56,0.027702649476144214,0.9722973505238558,-39.0,-48.0,declining
236-222@62j-sk2-v2k,2022-08-01,2022-09-01,2022,8,2022-08,31,4663.98,91,72,48.92,56.7,150.45096774193547,2.935483870967742,2.3225806451612905,64.77749999999999,51.25252747252747,4663.98,0.0,1.0,0.0,-20.0,77.0,declining
26t-222@62j-sj2-xbk,2022-08-01,2022-09-01,2022,8,2022-08,31,3570.98,107,43,24.98,49.96,115.19290322580645,3.4516129032258065,1.3870967741935485,83.0460465116279,33.37364485981308,309.94,3261.04,0.0867941013391282,0.9132058986608718,0.0,130.0,stable
zzw-222@62j-sj2-c3q,2022-08-01,2022-09-01,2022,8,2022-08,31,1112.34,23,17,32.88,46.7,35.88193548387097,0.7419354838709677,0.5483870967741935,65.43176470588234,48.36260869565217,24.97,1087.37,0.022448172321412517,0.9775518276785875,-70.0,-64.0,declining
272-222@62j-sj2-p35,2022-08-01,2022-09-01,2022,8,2022-08,31,4374.25,179,104,17.99,25.13,141.1048387096774,5.774193548387097,3.3548387096774195,42.06009615384615,24.437150837988828,116.93,4257.32,0.026731439675372923,0.973268560324627,-37.0,29.0,declining
22c-222@62j-sj2-7yv,2022-08-01,2022-09-01,2022,8,2022-08,31,765.0,11,9,45.0,45.0,24.677419354838708,0.3548387096774194,0.2903225806451613,85.0,69.54545454545455,0.0,765.0,0.0,1.0,-52.0,316.0,declining
24w-226@62j-sk3-649,2022-08-01,2022-09-01,2022,8,2022-08,31,1196.7,8,7,81.55,80.5,38.60322580645161,0.25806451612903225,0.22580645161290322,170.95714285714286,149.5875,0.0,1196.7,0.0,1.0,269.0,,growing
zzw-224@62j-sk2-zvf,2022-08-01,2022-09-01,2022,8,2022-08,31,3765.45,19,15,187.61,252.65,121.46612903225805,0.6129032258064516,0.4838709677419355,251.03,198.18157894736842,3765.45,0.0,1.0,0.0,-53.0,-26.0,declining
223-223@62j-sjs-2tv,2022-08-01,2022-09-01,2022,8,2022-08,31,1123.76,10,7,35.0,50.0,36.25032258064516,0.3225806451612903,0.22580645161290322,160.53714285714287,112.376,0.0,1123.76,0.0,1.0,21.0,2.0,growing
22j-222@62j-sj2-bx5,2022-08-01,2022-09-01,2022,8,2022-08,31,130.91,10,9,13.1,13.36,4.222903225806451,0.3225806451612903,0.2903225806451613,14.545555555555556,13.091,0.0,130.91,0.0,1.0,64.0,-51.0,growing
zzy-224@62j-sk2-vs5,2022-08-01,2022-09-01,2022,8,2022-08,31,11961.14,502,295,14.0,23.9,385.8432258064516,16.193548387096776,9.516129032258064,40.54623728813559,23.826972111553783,23.0,11938.14,0.0019228936372285585,0.9980771063627715,-7.0,9.0,declining
227-229@62j-sjz-jqf,2022-08-01,2022-09-01,2022,8,2022-08,31,222.56,5,5,36.18,36.18,7.179354838709678,0.16129032258064516,0.16129032258064516,44.512,44.512,122.13,100.43,0.5487508986340762,0.4512491013659238,,,
23h-222@62j-sj4-vmk,2022-08-01,2022-09-01,2022,8,2022-08,31,327.21,5,5,48.88,48.88,10.55516129032258,0.16129032258064516,0.16129032258064516,65.442,65.442,233.96,93.24999999999997,0.7150148222853825,0.2849851777146175,303.0,-32.0,growing
229-222@62j-sjz-j5f,2022-08-01,2022-09-01,2022,8,2022-08,31,2223.97,11,8,63.7,123.23,71.74096774193548,0.3548387096774194,0.25806451612903225,277.99625,202.1790909090909,0.0,2223.97,0.0,1.0,1377.0,3223.0,growing
zzw-223@62j-sjv-7yv,2022-08-01,2022-09-01,2022,8,2022-08,31,1543.31,47,30,26.55,38.75,49.784193548387094,1.5161290322580645,0.967741935483871,51.443666666666665,32.8363829787234,9.55,1533.76,0.006187998522655851,0.9938120014773442,-71.0,-23.0,declining
222-223@62j-shx-5xq,2022-08-01,2022-09-01,2022,8,2022-08,31,17185.0,3,3,7195.0,7195.0,554.3548387096774,0.0967741935483871,0.0967741935483871,5728.333333333333,5728.333333333333,0.0,17185.0,0.0,1.0,-10.0,1475.0,declining
222-223@62j-sj3-2x5,2022-08-01,2022-09-01,2022,8,2022-08,31,3942.62,214,177,14.46,18.41,127.18129032258064,6.903225806451613,5.709677419354839,22.274689265536722,18.423457943925232,2389.1,1553.52,0.6059676052979998,0.39403239470200024,32.0,33.0,growing
23b-222@62j-sj2-6hq,2022-08-01,2022-09-01,2022,8,2022-08,31,8.97,2,2,4.49,4.49,0.28935483870967743,0.06451612903225806,0.06451612903225806,4.485,4.485,0.0,8.97,0.0,1.0,,,
zzw-225@62j-sj2-54v,2022-08-01,2022-09-01,2022,8,2022-08,31,606.61,41,20,14.14,18.37,19.568064516129034,1.3225806451612903,0.6451612903225806,30.3305,14.795365853658536,14.44,592.17,0.023804421292098712,0.9761955787079013,24.0,2.0,growing
227-222@62j-sjv-99f,2022-08-01,2022-09-01,2022,8,2022-08,31,879.92,7,6,106.46,151.33,28.384516129032257,0.22580645161290322,0.1935483870967742,146.65333333333334,125.70285714285714,0.0,879.92,0.0,1.0,-82.0,-9.0,declining
243-222@62j-sjv-bc5,2022-08-01,2022-09-01,2022,8,2022-08,31,6388.58,86,59,59.8,62.4,206.08322580645162,2.774193548387097,1.903225806451613,108.28101694915254,74.28581395348837,1244.74,5143.84,0.19483828957295674,0.8051617104270432,-19.0,76.0,declining
23c-222@62j-sj2-mkz,2022-08-01,2022-09-01,2022,8,2022-08,31,587.07,18,17,19.31,25.0,18.937741935483874,0.5806451612903226,0.5483870967741935,34.53352941176471,32.615,0.0,587.07,0.0,1.0,-15.0,3.0,declining
zzw-222@62j-sjv-85f,2022-08-01,2022-09-01,2022,8,2022-08,31,23329.56,697,342,12.1,35.86,752.5664516129033,22.483870967741936,11.03225806451613,68.21508771929825,33.47139167862267,246.73,23082.83,0.01057585312367657,0.9894241468763234,348.0,1312.0,growing
227-222@62j-sjs-tqf,2022-08-01,2022-09-01,2022,8,2022-08,31,1098.57,6,5,231.64,252.24,35.43774193548387,0.1935483870967742,0.16129032258064516,219.714,183.095,383.05,715.52,0.3486805574519603,0.6513194425480398,,-60.0,
zzw-222@62j-sgg-kvf,2022-08-01,2022-09-01,2022,8,2022-08,31,19280.13,376,184,32.97,50.29,621.9396774193549,12.129032258064516,5.935483870967742,104.7833152173913,51.276941489361704,0.0,19280.13,0.0,1.0,-5.0,-15.0,declining
243-22g@62j-sjt-kxq,2022-08-01,2022-09-01,2022,8,2022-08,31,31.0,2,2,15.5,15.5,1.0,0.06451612903225806,0.06451612903225806,15.5,15.5,0.0,31.0,0.0,1.0,-92.0,,declining
228-222@62j-sjv-bc5,2022-08-01,2022-09-01,2022,8,2022-08,31,307.52,5,5,43.75,43.75,9.92,0.16129032258064516,0.16129032258064516,61.504,61.504,0.0,307.52,0.0,1.0,-46.0,21.0,declining
248-222@62j-sjv-8qf,2022-08-01,2022-09-01,2022,8,2022-08,31,1498.11,76,54,12.26,17.23,48.32612903225806,2.4516129032258065,1.7419354838709677,27.742777777777775,19.711973684210523,969.71,528.3999999999999,0.6472889173692186,0.35271108263078144,-71.0,-30.0,declining
225-222@62j-sgg-d9z,2022-08-01,2022-09-01,2022,8,2022-08,31,574.57,25,15,12.0,24.0,18.53451612903226,0.8064516129032258,0.4838709677419355,38.30466666666667,22.9828,0.0,574.57,0.0,1.0,-11.0,-53.0,declining
23t-222@62j-sgg-j7q,2022-08-01,2022-09-01,2022,8,2022-08,31,996.71,84,35,9.22,15.12,32.15193548387097,2.7096774193548385,1.1290322580645162,28.47742857142857,11.865595238095239,996.71,0.0,1.0,0.0,-18.0,19.0,declining
242-222@62j-sjv-975,2022-08-01,2022-09-01,2022,8,2022-08,31,726.88,12,11,55.75,60.5,23.447741935483872,0.3870967741935484,0.3548387096774194,66.08,60.57333333333333,0.0,726.88,0.0,1.0,48.0,-50.0,growing
228-223@62j-sj2-s5z,2022-08-01,2022-09-01,2022,8,2022-08,31,173.23,5,2,11.03,86.62,5.588064516129032,0.16129032258064516,0.06451612903225806,86.615,34.646,173.23,0.0,1.0,0.0,,,
zzw-22h@62j-shx-k9f,2022-08-01,2022-09-01,2022,8,2022-08,31,62.25,3,3,17.25,17.25,2.0080645161290325,0.0967741935483871,0.0967741935483871,20.75,20.75,0.0,62.25,0.0,1.0,-47.0,-27.0,declining
226-22c@62j-sk2-vcq,2022-08-01,2022-09-01,2022,8,2022-08,31,234.46,30,21,5.46,5.46,7.563225806451613,0.967741935483871,0.6774193548387096,11.164761904761905,7.815333333333333,0.0,234.46,0.0,1.0,-38.0,165.0,declining
22q-222@62j-sk2-vzz,2022-08-01,2022-09-01,2022,8,2022-08,31,1665.46,126,36,8.0,19.13,53.72451612903226,4.064516129032258,1.1612903225806452,46.26277777777778,13.217936507936509,0.0,1665.46,0.0,1.0,-42.0,16.0,declining
zzw-222@62j-sj3-5xq,2022-08-01,2022-09-01,2022,8,2022-08,31,2726.92,28,25,85.62,93.83,87.96516129032258,0.9032258064516129,0.8064516129032258,109.0768,97.39,0.0,2726.92,0.0,1.0,52.0,124.0,growing
22d-222@62j-sj2-6tv,2022-08-01,2022-09-01,2022,8,2022-08,31,586.19,52,32,8.91,10.36,18.909354838709678,1.6774193548387097,1.032258064516129,18.3184375,11.272884615384616,0.0,586.19,0.0,1.0,-59.0,-15.0,declining
22p-222@62j-sj2-sdv,2022-08-01,2022-09-01,2022,8,2022-08,31,1135.57,16,14,71.53,73.21,36.63129032258065,0.5161290322580645,0.45161290322580644,81.11214285714286,70.973125,71.17,1064.3999999999999,0.06267337108236393,0.9373266289176361,-36.0,222.0,declining
22p-222@62j-sj3-9mk,2022-08-01,2022-09-01,2022,8,2022-08,31,71.07,9,5,3.94,16.03,2.2925806451612902,0.2903225806451613,0.16129032258064516,14.213999999999999,7.896666666666666,0.0,71.07,0.0,1.0,-55.0,,declining
zzw-222@62j-shx-k9f,2022-08-01,2022-09-01,2022,8,2022-08,31,121.6,6,6,20.98,20.98,3.92258064516129,0.1935483870967742,0.1935483870967742,20.266666666666666,20.266666666666666,0.0,121.6,0.0,1.0,-79.0,-89.0,declining
224-222@62j-sjr-zpv,2022-08-01,2022-09-01,2022,8,2022-08,31,6037.07,139,92,26.98,36.79,194.74419354838707,4.483870967741935,2.967741935483871,65.62032608695652,43.43215827338129,17.89,6019.179999999999,0.0029633580528302637,0.9970366419471698,-44.0,-18.0,declining
22r-222@62j-sj2-6hq,2022-08-01,2022-09-01,2022,8,2022-08,31,19.25,3,2,5.75,9.63,0.6209677419354839,0.0967741935483871,0.06451612903225806,9.625,6.416666666666667,0.0,19.25,0.0,1.0,-20.0,,declining
248-223@62j-sjv-b6k,2022-08-01,2022-09-01,2022,8,2022-08,31,568.12,43,26,9.63,19.26,18.326451612903227,1.3870967741935485,0.8387096774193549,21.85076923076923,13.212093023255814,49.75,518.37,0.08756952756459903,0.912430472435401,-12.0,93.0,declining
zzy-222@62j-sj2-vs5,2022-08-01,2022-09-01,2022,8,2022-08,31,1480.0,14,10,100.0,170.0,47.74193548387097,0.45161290322580644,0.3225806451612903,148.0,105.71428571428571,0.0,1480.0,0.0,1.0,95.0,,growing
zzw-227@62j-shx-jy9,2022-08-01,2022-09-01,2022,8,2022-08,31,96.99,11,10,7.68,7.58,3.1287096774193546,0.3548387096774194,0.3225806451612903,9.699,8.817272727272726,0.0,96.99,0.0,1.0,75.0,-12.0,growing
222-222@62j-sgg-gkz,2022-08-01,2022-09-01,2022,8,2022-08,31,80.76,4,4,21.25,21.25,2.605161290322581,0.12903225806451613,0.12903225806451613,20.19,20.19,0.0,80.76,0.0,1.0,,-62.0,
zzy-223@62j-shx-hbk,2022-08-01,2022-09-01,2022,8,2022-08,31,115.0,9,7,15.0,15.0,3.7096774193548385,0.2903225806451613,0.22580645161290322,16.428571428571427,12.777777777777779,0.0,115.0,0.0,1.0,-8.0,283.0,declining
223-222@62j-sgg-fpv,2022-08-01,2022-09-01,2022,8,2022-08,31,30922.69,765,426,27.45,49.05,997.5061290322581,24.677419354838708,13.741935483870968,72.58847417840376,40.42181699346405,435.38,30487.309999999998,0.014079628906799506,0.9859203710932005,2.0,-18.0,growing
222-222@62j-sjv-975,2022-08-01,2022-09-01,2022,8,2022-08,31,87.76,4,2,21.94,43.88,2.830967741935484,0.12903225806451613,0.06451612903225806,43.88,21.94,0.0,87.76,0.0,1.0,,,
223-222@62j-sjs-2tv,2022-08-01,2022-09-01,2022,8,2022-08,31,358.5,9,8,35.0,35.0,11.564516129032258,0.2903225806451613,0.25806451612903225,44.8125,39.833333333333336,0.0,358.5,0.0,1.0,80.0,-26.0,growing
23s-222@62j-sk3-66k,2022-08-01,2022-09-01,2022,8,2022-08,31,704.97,26,12,27.37,55.5,22.740967741935485,0.8387096774193549,0.3870967741935484,58.7475,27.11423076923077,0.0,704.97,0.0,1.0,55.0,497.0,growing
22x-222@62j-sj2-rkz,2022-08-01,2022-09-01,2022,8,2022-08,31,3164.43,103,85,20.48,26.49,102.0783870967742,3.3225806451612905,2.7419354838709675,37.22858823529412,30.7226213592233,31.8,3132.6299999999997,0.010049203174031343,0.9899507968259686,-22.0,-31.0,declining
zzw-22g@62j-shx-k9f,2022-08-01,2022-09-01,2022,8,2022-08,31,654.49,2,2,327.25,327.25,21.11258064516129,0.06451612903225806,0.06451612903225806,327.245,327.245,0.0,654.49,0.0,1.0,,307.0,
23v-222@62j-sj2-5j9,2022-08-01,2022-09-01,2022,8,2022-08,31,16289.87,71,61,45.01,45.01,525.4796774193549,2.2903225806451615,1.967741935483871,267.04704918032786,229.43478873239437,0.0,16289.87,0.0,1.0,-2.0,185.0,declining
zzw-222@62j-sj2-s5z,2022-08-01,2022-09-01,2022,8,2022-08,31,1175.99,87,73,9.99,10.61,37.93516129032258,2.806451612903226,2.3548387096774195,16.10945205479452,13.51712643678161,1175.99,0.0,1.0,0.0,9.0,-9.0,growing
225-222@62j-sjv-9mk,2022-08-01,2022-09-01,2022,8,2022-08,31,242.26,4,4,63.22,63.22,7.814838709677419,0.12903225806451613,0.12903225806451613,60.565,60.565,0.0,242.26,0.0,1.0,-63.0,-67.0,declining
zzw-224@62j-sjv-8y9,2022-08-01,2022-09-01,2022,8,2022-08,31,1905.99,35,27,54.04,46.1,61.483548387096775,1.1290322580645162,0.8709677419354839,70.59222222222222,54.456857142857146,1884.87,21.12000000000012,0.9889191443816598,0.011080855618340157,57.0,,growing
zzw-23n@62j-shx-k9f,2022-08-01,2022-09-01,2022,8,2022-08,31,141.48,3,3,21.24,21.24,4.563870967741935,0.0967741935483871,0.0967741935483871,47.16,47.16,99.61,41.86999999999999,0.7040571105456602,0.2959428894543398,-18.0,-81.0,declining
222-222@62j-sj3-4n5,2022-08-01,2022-09-01,2022,8,2022-08,31,365.45,51,14,6.84,21.72,11.788709677419355,1.6451612903225807,0.45161290322580644,26.103571428571428,7.165686274509803,0.0,365.45,0.0,1.0,-44.0,-37.0,declining
228-224@62j-sgg-fpv,2022-08-01,2022-09-01,2022,8,2022-08,31,2260.0,33,30,75.0,75.0,72.90322580645162,1.064516129032258,0.967741935483871,75.33333333333333,68.48484848484848,325.0,1935.0,0.14380530973451328,0.8561946902654867,-6.0,-26.0,declining
zzy-226@62j-sj2-jn5,2022-08-01,2022-09-01,2022,8,2022-08,31,1369.74,26,23,36.38,41.5,44.18516129032258,0.8387096774193549,0.7419354838709677,59.55391304347826,52.682307692307695,0.0,1369.74,0.0,1.0,-42.0,647.0,declining
222-222@62j-sjy-7t9,2022-08-01,2022-09-01,2022,8,2022-08,31,535.6,6,5,86.96,108.92,17.27741935483871,0.1935483870967742,0.16129032258064516,107.12,89.26666666666667,0.0,535.6,0.0,1.0,-88.0,-69.0,declining
235-222@62j-sjz-jqf,2022-08-01,2022-09-01,2022,8,2022-08,31,762.83,89,54,6.73,9.85,24.60741935483871,2.870967741935484,1.7419354838709677,14.126481481481482,8.571123595505618,0.0,762.83,0.0,1.0,19.0,-8.0,growing
226-223@62j-shx-jjv,2022-08-01,2022-09-01,2022,8,2022-08,31,2540.52,19,16,28.05,33.0,81.95225806451613,0.6129032258064516,0.5161290322580645,158.7825,133.71157894736842,0.0,2540.52,0.0,1.0,15.0,111.0,growing
238-222@62j-sjv-9mk,2022-08-01,2022-09-01,2022,8,2022-08,31,649.16,38,30,10.57,15.62,20.940645161290323,1.2258064516129032,0.967741935483871,21.638666666666666,17.083157894736843,0.0,649.16,0.0,1.0,-50.0,5.0,declining
25d-223@62j-sjv-9zz,2022-08-01,2022-09-01,2022,8,2022-08,31,1820.84,288,175,5.08,6.33,58.736774193548385,9.290322580645162,5.645161290322581,10.4048,6.32236111111111,14.75,1806.09,0.008100656839700359,0.9918993431602996,6.0,19.0,growing
zzw-222@62j-sj3-4d9,2022-08-01,2022-09-01,2022,8,2022-08,31,210.96,14,8,13.38,18.19,6.805161290322581,0.45161290322580644,0.25806451612903225,26.37,15.06857142857143,210.96,0.0,1.0,0.0,-31.0,-67.0,declining
zzy-222@62j-sj3-49z,2022-08-01,2022-09-01,2022,8,2022-08,31,1731.88,194,133,6.8,9.84,55.86709677419355,6.258064516129032,4.290322580645161,13.021654135338347,8.92721649484536,0.0,1731.88,0.0,1.0,56.0,64.0,growing
229-222@62j-sjv-975,2022-08-01,2022-09-01,2022,8,2022-08,31,2311.51,36,31,38.33,40.48,74.56483870967743,1.1612903225806452,1.0,74.56483870967743,64.20861111111111,0.0,2311.51,0.0,1.0,-34.0,-30.0,declining
zzw-222@62j-sk3-66k,2022-08-01,2022-09-01,2022,8,2022-08,31,3667.08,57,40,53.0,74.13,118.29290322580646,1.8387096774193548,1.2903225806451613,91.67699999999999,64.33473684210526,2315.45,1351.63,0.6314151859244957,0.36858481407550425,18.0,,growing
zzw-223@62j-sk2-vcq,2022-08-01,2022-09-01,2022,8,2022-08,31,453.76,20,17,12.21,13.81,14.637419354838709,0.6451612903225806,0.5483870967741935,26.691764705882353,22.688,0.0,453.76,0.0,1.0,-69.0,-43.0,declining
zzw-222@62j-sj2-54v,2022-08-01,2022-09-01,2022,8,2022-08,31,3573.35,81,43,30.68,62.69,115.26935483870967,2.6129032258064515,1.3870967741935485,83.10116279069767,44.11543209876543,3241.86,331.4899999999998,0.9072327088026643,0.09276729119733573,-42.0,17.0,declining
27c-222@62j-sjv-8jv,2022-08-01,2022-09-01,2022,8,2022-08,31,430.62,3,2,115.81,215.31,13.890967741935484,0.0967741935483871,0.06451612903225806,215.31,143.54,0.0,430.62,0.0,1.0,,144.0,
249-222@62j-sk2-w8v,2022-08-01,2022-09-01,2022,8,2022-08,31,290.31,9,6,8.0,29.53,9.36483870967742,0.2903225806451613,0.1935483870967742,48.385,32.25666666666667,0.0,290.31,0.0,1.0,-70.0,-70.0,declining
24d-222@62j-sk2-w8v,2022-08-01,2022-09-01,2022,8,2022-08,31,219.42,7,7,20.9,20.9,7.078064516129031,0.22580645161290322,0.22580645161290322,31.345714285714283,31.345714285714283,0.0,219.42,0.0,1.0,-34.0,-50.0,declining
zzw-222@62j-sjx-26k,2022-08-01,2022-09-01,2022,8,2022-08,31,1472.0,34,26,27.0,28.5,47.483870967741936,1.096774193548387,0.8387096774193549,56.61538461538461,43.294117647058826,0.0,1472.0,0.0,1.0,149.0,-13.0,growing
23d-223@62j-sk2-zvf,2022-08-01,2022-09-01,2022,8,2022-08,31,1334.32,31,25,30.0,44.17,43.04258064516129,1.0,0.8064516129032258,53.3728,43.04258064516129,57.2,1277.12,0.04286827747466875,0.9571317225253313,-3.0,5.0,declining
22z-222@62j-sk3-2c5,2022-08-01,2022-09-01,2022,8,2022-08,31,74.75,6,6,10.63,10.63,2.411290322580645,0.1935483870967742,0.1935483870967742,12.458333333333334,12.458333333333334,0.0,74.75,0.0,1.0,-91.0,-94.0,declining
23x-222@62j-sj2-wx5,2022-08-01,2022-09-01,2022,8,2022-08,31,74.37,6,3,13.46,14.97,2.3990322580645165,0.1935483870967742,0.0967741935483871,24.790000000000003,12.395000000000001,0.0,74.37,0.0,1.0,-61.0,-20.0,declining
22p-222@62j-sk3-2c5,2022-08-01,2022-09-01,2022,8,2022-08,31,101.1,7,6,9.51,9.25,3.261290322580645,0.22580645161290322,0.1935483870967742,16.849999999999998,14.442857142857141,0.0,101.1,0.0,1.0,-74.0,-71.0,declining
229-222@62j-sj2-s3q,2022-08-01,2022-09-01,2022,8,2022-08,31,1168.61,11,10,78.95,87.36,37.69709677419355,0.3548387096774194,0.3225806451612903,116.86099999999999,106.23727272727272,1168.61,0.0,1.0,0.0,-25.0,-67.0,declining
24w-223@62j-sk3-649,2022-08-01,2022-09-01,2022,8,2022-08,31,526.9,6,4,102.0,155.85,16.996774193548386,0.1935483870967742,0.12903225806451613,131.725,87.81666666666666,0.0,526.9,0.0,1.0,,,
254-222@62j-sk2-p7q,2022-08-01,2022-09-01,2022,8,2022-08,31,117.35,7,3,16.99,32.68,3.7854838709677416,0.22580645161290322,0.0967741935483871,39.11666666666667,16.764285714285712,0.0,117.35,0.0,1.0,-55.0,,declining
zzw-227@62j-sjv-9mk,2022-08-01,2022-09-01,2022,8,2022-08,31,16140.46,849,449,14.64,24.48,520.66,27.387096774193548,14.483870967741936,35.94757238307349,19.011142520612484,16140.46,0.0,1.0,0.0,-30.0,98.0,declining
224-222@62j-sjr-z9f,2022-08-01,2022-09-01,2022,8,2022-08,31,3826.49,87,56,47.01,56.35,123.43516129032257,2.806451612903226,1.8064516129032258,68.33017857142856,43.98264367816092,0.0,3826.49,0.0,1.0,-33.0,-16.0,declining
227-224@62j-sjv-b6k,2022-08-01,2022-09-01,2022,8,2022-08,31,2574.06,49,39,49.96,51.65,83.0341935483871,1.5806451612903225,1.2580645161290323,66.00153846153846,52.531836734693876,2574.06,0.0,1.0,0.0,-50.0,-9.0,declining
23s-222@62j-sj2-t35,2022-08-01,2022-09-01,2022,8,2022-08,31,1971.91,109,52,14.28,20.37,63.61,3.5161290322580645,1.6774193548387097,37.92134615384616,18.09091743119266,20.59,1951.3200000000002,0.010441653016618405,0.9895583469833816,-46.0,86.0,declining
224-223@62j-sk2-tqf,2022-08-01,2022-09-01,2022,8,2022-08,31,2638.91,7,7,312.03,312.03,85.12612903225806,0.22580645161290322,0.22580645161290322,376.9871428571428,376.9871428571428,0.0,2638.91,0.0,1.0,-51.0,,declining
226-223@62j-sjv-9mk,2022-08-01,2022-09-01,2022,8,2022-08,31,1772.02,24,23,48.8,50.9,57.16193548387097,0.7741935483870968,0.7419354838709677,77.04434782608696,73.83416666666666,1772.02,0.0,1.0,0.0,7.0,-27.0,growing
228-222@62j-sjv-fzz,2022-08-01,2022-09-01,2022,8,2022-08,31,182.65,4,3,52.9,32.95,5.891935483870968,0.12903225806451613,0.0967741935483871,60.88333333333333,45.6625,36.95,145.7,0.20229947987955108,0.7977005201204489,-60.0,,declining
234-222@62j-sj2-p35,2022-08-01,2022-09-01,2022,8,2022-08,31,401.95,7,7,35.0,35.0,12.966129032258063,0.22580645161290322,0.22580645161290322,57.42142857142857,57.42142857142857,0.0,401.95,0.0,1.0,,,
25x-222@62j-sj2-j9z,2022-08-01,2022-09-01,2022,8,2022-08,31,38.78,5,4,6.64,8.77,1.2509677419354839,0.16129032258064516,0.12903225806451613,9.695,7.756,0.0,38.78,0.0,1.0,-71.0,,declining
zzw-222@62j-sjs-yqf,2022-08-01,2022-09-01,2022,8,2022-08,31,469.21,6,6,81.97,81.97,15.135806451612902,0.1935483870967742,0.1935483870967742,78.20166666666667,78.20166666666667,0.0,469.21,0.0,1.0,393.0,12.0,growing
zzw-224@62j-sj2-t35,2022-08-01,2022-09-01,2022,8,2022-08,31,892.0,4,4,223.0,223.0,28.774193548387096,0.12903225806451613,0.12903225806451613,223.0,223.0,0.0,892.0,0.0,1.0,-63.0,63.0,declining
zzw-22z@62j-shx-k9f,2022-08-01,2022-09-01,2022,8,2022-08,31,870.86,30,30,29.54,29.54,28.09225806451613,0.967741935483871,0.967741935483871,29.028666666666666,29.028666666666666,0.0,870.86,0.0,1.0,13.0,-30.0,growing
zzw-228@62j-sj2-p35,2022-08-01,2022-09-01,2022,8,2022-08,31,1514.13,74,50,14.44,23.06,48.84290322580645,2.3870967741935485,1.6129032258064515,30.282600000000002,20.46121621621622,0.0,1514.13,0.0,1.0,201.0,66.0,growing
222-222@62j-sj3-3bk,2022-08-01,2022-09-01,2022,8,2022-08,31,781.3,13,10,74.27,63.18,25.203225806451613,0.41935483870967744,0.3225806451612903,78.13,60.099999999999994,314.65,466.65,0.4027262255215666,0.5972737744784333,-43.0,-57.0,declining
22k-222@62j-sjv-ndv,2022-08-01,2022-09-01,2022,8,2022-08,31,252.78,4,2,65.2,126.39,8.154193548387097,0.12903225806451613,0.06451612903225806,126.39,63.195,0.0,252.78,0.0,1.0,,30.0,
226-222@62j-sjy-7nq,2022-08-01,2022-09-01,2022,8,2022-08,31,196.01,8,6,23.6,31.98,6.322903225806451,0.25806451612903225,0.1935483870967742,32.66833333333333,24.50125,7.15,188.85999999999999,0.036477730728024085,0.9635222692719759,,-9.0,
222-222@62j-sjt-575,2022-08-01,2022-09-01,2022,8,2022-08,31,8149.13,74,57,87.19,111.38,262.8751612903226,2.3870967741935485,1.8387096774193548,142.96719298245614,110.12337837837838,0.0,8149.13,0.0,1.0,-22.0,-4.0,declining
233-222@62j-sj3-9mk,2022-08-01,2022-09-01,2022,8,2022-08,31,594.78,34,23,14.29,24.67,19.186451612903223,1.096774193548387,0.7419354838709677,25.86,17.493529411764705,0.0,594.78,0.0,1.0,-3.0,1.0,declining
24w-222@62j-sk3-249,2022-08-01,2022-09-01,2022,8,2022-08,31,33.18,3,2,9.63,16.59,1.0703225806451613,0.0967741935483871,0.06451612903225806,16.59,11.06,0.0,33.18,0.0,1.0,-68.0,-58.0,declining
223-222@62j-sk2-y5f,2022-08-01,2022-09-01,2022,8,2022-08,31,27162.47,736,368,22.99,44.97,876.2087096774194,23.741935483870968,11.870967741935484,73.8110597826087,36.90552989130435,527.41,26635.06,0.01941686451931654,0.9805831354806834,44.0,111.0,growing
zzw-22q@62j-shx-tjv,2022-08-01,2022-09-01,2022,8,2022-08,31,78.87,3,3,21.94,21.94,2.544193548387097,0.0967741935483871,0.0967741935483871,26.290000000000003,26.290000000000003,0.0,78.87,0.0,1.0,-57.0,-14.0,declining
22g-222@62j-sj2-t35,2022-08-01,2022-09-01,2022,8,2022-08,31,813.82,39,29,15.98,22.71,26.25225806451613,1.2580645161290323,0.9354838709677419,28.062758620689657,20.867179487179488,0.0,813.82,0.0,1.0,-32.0,,declining
27v-222@62j-sk3-649,2022-08-01,2022-09-01,2022,8,2022-08,31,152.26,8,7,9.67,9.25,4.911612903225806,0.25806451612903225,0.22580645161290322,21.75142857142857,19.0325,152.26,0.0,1.0,0.0,36.0,,growing
24y-224@62j-sjv-9zz,2022-08-01,2022-09-01,2022,8,2022-08,31,738.29,32,12,21.23,44.6,23.815806451612904,1.032258064516129,0.3870967741935484,61.524166666666666,23.0715625,0.0,738.29,0.0,1.0,1.0,496.0,growing
26x-222@62j-sj2-8gk,2022-08-01,2022-09-01,2022,8,2022-08,31,224.62,4,2,56.16,112.31,7.2458064516129035,0.12903225806451613,0.06451612903225806,112.31,56.155,224.62,0.0,1.0,0.0,135.0,,growing
24b-222@62j-sjv-g8v,2022-08-01,2022-09-01,2022,8,2022-08,31,42.54,3,2,12.18,21.27,1.372258064516129,0.0967741935483871,0.06451612903225806,21.27,14.18,42.54,0.0,1.0,0.0,-86.0,-15.0,declining
229-223@62j-sjv-99f,2022-08-01,2022-09-01,2022,8,2022-08,31,159.89,13,10,9.0,15.88,5.1577419354838705,0.41935483870967744,0.3225806451612903,15.988999999999999,12.299230769230768,20.63,139.26,0.12902620551629246,0.8709737944837075,-68.0,-3.0,declining
23v-222@62j-sk2-tsq,2022-08-01,2022-09-01,2022,8,2022-08,31,1494.38,4,3,85.0,120.0,48.20580645161291,0.12903225806451613,0.0967741935483871,498.1266666666667,373.595,0.0,1494.38,0.0,1.0,,,
225-224@62j-sj2-jn5,2022-08-01,2022-09-01,2022,8,2022-08,31,753.54,27,23,13.5,13.5,24.307741935483868,0.8709677419354839,0.7419354838709677,32.76260869565217,27.90888888888889,0.0,753.54,0.0,1.0,-31.0,45.0,declining
247-222@62j-sj3-9s5,2022-08-01,2022-09-01,2022,8,2022-08,31,825.78,27,20,18.62,32.1,26.63806451612903,0.8709677419354839,0.6451612903225806,41.289,30.584444444444443,825.78,0.0,1.0,0.0,-9.0,-31.0,declining
27w-222@62j-sj2-89z,2022-08-01,2022-09-01,2022,8,2022-08,31,576.49,30,15,16.54,20.0,18.596451612903227,0.967741935483871,0.4838709677419355,38.43266666666667,19.216333333333335,11.79,564.7,0.020451352148346022,0.979548647851654,-10.0,,declining
zzw-222@62j-sgg-6zf,2022-08-01,2022-09-01,2022,8,2022-08,31,2865.72,155,101,13.42,18.13,92.44258064516129,5.0,3.2580645161290325,28.37346534653465,18.488516129032256,1697.91,1167.8099999999997,0.5924898454838575,0.4075101545161425,29.0,88.0,growing
zzw-222@62j-sjv-8y9,2022-08-01,2022-09-01,2022,8,2022-08,31,120.0,3,2,40.0,60.0,3.870967741935484,0.0967741935483871,0.06451612903225806,60.0,40.0,0.0,120.0,0.0,1.0,,,
zzw-225@62j-sjs-435,2022-08-01,2022-09-01,2022,8,2022-08,31,12272.16,8,8,783.73,783.73,395.87612903225806,0.25806451612903225,0.25806451612903225,1534.02,1534.02,0.0,12272.16,0.0,1.0,1077.0,144.0,growing
24v-222@62j-sj2-p35,2022-08-01,2022-09-01,2022,8,2022-08,31,299.92,9,6,25.0,44.99,9.67483870967742,0.2903225806451613,0.1935483870967742,49.98666666666667,33.324444444444445,0.0,299.92,0.0,1.0,40.0,121.0,growing
24y-222@62j-sj2-4sq,2022-08-01,2022-09-01,2022,8,2022-08,31,300.52,2,2,150.26,150.26,9.694193548387096,0.06451612903225806,0.06451612903225806,150.26,150.26,0.0,300.52,0.0,1.0,,,
zzw-222@62j-sj3-47q,2022-08-01,2022-09-01,2022,8,2022-08,31,2907.38,202,137,11.32,16.53,93.78645161290324,6.516129032258065,4.419354838709677,21.22175182481752,14.392970297029704,0.0,2907.38,0.0,1.0,5.0,44.0,growing
23d-222@62j-sj2-s5z,2022-08-01,2022-09-01,2022,8,2022-08,31,3267.73,390,213,6.94,11.32,105.41064516129032,12.580645161290322,6.870967741935484,15.341455399061033,8.378794871794872,10.7,3257.03,0.003274444339036579,0.9967255556609634,1.0,19.0,growing
22t-222@62j-sj2-fmk,2022-08-01,2022-09-01,2022,8,2022-08,31,616.98,86,58,5.48,8.22,19.90258064516129,2.774193548387097,1.8709677419354838,10.637586206896552,7.174186046511628,24.35,592.63,0.039466433271743005,0.960533566728257,-29.0,-36.0,declining
244-222@62j-sjz-7t9,2022-08-01,2022-09-01,2022,8,2022-08,31,119.11,2,2,59.56,59.56,3.842258064516129,0.06451612903225806,0.06451612903225806,59.555,59.555,0.0,119.11,0.0,1.0,-80.0,-73.0,declining
23m-222@62j-sjs-zpv,2022-08-01,2022-09-01,2022,8,2022-08,31,173.95,9,8,14.06,12.59,5.611290322580645,0.2903225806451613,0.25806451612903225,21.74375,19.327777777777776,60.08,113.86999999999999,0.3453866053463639,0.6546133946536361,-63.0,352.0,declining
223-223@62j-sjv-bc5,2022-08-01,2022-09-01,2022,8,2022-08,31,1407.42,61,59,17.63,17.91,45.40064516129033,1.967741935483871,1.903225806451613,23.854576271186442,23.072459016393445,1407.42,0.0,1.0,0.0,118.0,51.0,growing
zzw-222@62j-shx-ht9,2022-08-01,2022-09-01,2022,8,2022-08,31,1287.32,23,18,36.5,37.59,41.52645161290322,0.7419354838709677,0.5806451612903226,71.51777777777778,55.97043478260869,0.0,1287.32,0.0,1.0,-30.0,2.0,declining
253-224@62j-shx-j7q,2022-08-01,2022-09-01,2022,8,2022-08,31,79.45,6,5,10.27,12.68,2.5629032258064517,0.1935483870967742,0.16129032258064516,15.89,13.241666666666667,0.0,79.45,0.0,1.0,-76.0,,declining
zzw-222@62j-sjv-7yv,2022-08-01,2022-09-01,2022,8,2022-08,31,8756.01,464,290,14.18,21.13,282.45193548387095,14.96774193548387,9.35483870967742,30.193137931034485,18.87071120689655,4628.32,4127.6900000000005,0.5285877928417166,0.47141220715828336,105.0,178.0,growing
22n-222@62j-sjs-zmk,2022-08-01,2022-09-01,2022,8,2022-08,31,1134.28,25,21,50.0,50.0,36.589677419354835,0.8064516129032258,0.6774193548387096,54.013333333333335,45.3712,0.0,1134.28,0.0,1.0,187.0,65.0,growing
zzw-223@62j-sjv-85f,2022-08-01,2022-09-01,2022,8,2022-08,31,2034.68,197,107,9.45,12.82,65.63483870967742,6.354838709677419,3.4516129032258065,19.01570093457944,10.328324873096447,587.01,1447.67,0.2885023689228773,0.7114976310771227,-25.0,422.0,declining
zzw-222@62j-sj2-rkz,2022-08-01,2022-09-01,2022,8,2022-08,31,25398.13,721,510,21.06,28.97,819.2945161290323,23.258064516129032,16.451612903225808,49.800254901960784,35.22625520110957,178.5,25219.63,0.007028076476496498,0.9929719235235035,15.0,17.0,growing
224-222@62j-sj3-49z,2022-08-01,2022-09-01,2022,8,2022-08,31,3541.2,5,5,729.99,729.99,114.23225806451612,0.16129032258064516,0.16129032258064516,708.24,708.24,0.0,3541.2,0.0,1.0,,,
22r-222@62j-sjv-hqz,2022-08-01,2022-09-01,2022,8,2022-08,31,94.1,4,2,25.67,47.05,3.0354838709677416,0.12903225806451613,0.06451612903225806,47.05,23.525,94.1,0.0,1.0,0.0,15.0,,growing
226-223@62j-sk2-vcq,2022-08-01,2022-09-01,2022,8,2022-08,31,304.0,3,2,80.0,152.0,9.806451612903226,0.0967741935483871,0.06451612903225806,152.0,101.33333333333333,0.0,304.0,0.0,1.0,-89.0,-92.0,declining
227-222@62j-sk3-2c5,2022-08-01,2022-09-01,2022,8,2022-08,31,1977.61,155,114,10.21,13.4,63.79387096774193,5.0,3.6774193548387095,17.347456140350875,12.758774193548387,63.93,1913.6799999999998,0.03232689964148644,0.9676731003585135,-38.0,696.0,declining
25t-222@62j-sj2-vzz,2022-08-01,2022-09-01,2022,8,2022-08,31,546.95,30,21,12.5,12.75,17.643548387096775,0.967741935483871,0.6774193548387096,26.045238095238098,18.23166666666667,90.55,456.40000000000003,0.16555443824846877,0.8344455617515312,411.0,85.0,growing
zzw-22x@62j-shx-k9f,2022-08-01,2022-09-01,2022,8,2022-08,31,7624.6,118,101,58.48,57.24,245.95483870967743,3.806451612903226,3.2580645161290325,75.4910891089109,64.61525423728814,726.61,6897.990000000001,0.09529811399942292,0.9047018860005771,4.0,-8.0,growing
222-222@62j-sj2-6zf,2022-08-01,2022-09-01,2022,8,2022-08,31,97.0,2,2,48.5,48.5,3.129032258064516,0.06451612903225806,0.06451612903225806,48.5,48.5,0.0,97.0,0.0,1.0,,,
zzw-224@62j-sj2-s3q,2022-08-01,2022-09-01,2022,8,2022-08,31,3216.44,14,11,133.43,252.95,103.75612903225807,0.45161290322580644,0.3548387096774194,292.4036363636364,229.74571428571429,0.0,3216.44,0.0,1.0,-74.0,-55.0,declining
22t-222@62j-sjy-7yv,2022-08-01,2022-09-01,2022,8,2022-08,31,37731.21,708,284,33.33,67.56,1217.1358064516128,22.838709677419356,9.161290322580646,132.8563732394366,53.29266949152542,605.25,37125.96,0.016041097012261203,0.9839589029877388,-23.0,,declining
22w-222@62j-sjv-9zz,2022-08-01,2022-09-01,2022,8,2022-08,31,967.6,30,25,23.99,34.0,31.212903225806453,0.967741935483871,0.8064516129032258,38.704,32.25333333333334,31.18,936.4200000000001,0.03222405952873088,0.9677759404712691,-56.0,-41.0,declining
225-222@62j-sjs-3yv,2022-08-01,2022-09-01,2022,8,2022-08,31,396.34,3,3,87.86,87.86,12.78516129032258,0.0967741935483871,0.0967741935483871,132.11333333333332,132.11333333333332,0.0,396.34,0.0,1.0,-64.0,-73.0,declining
zzw-22c@62j-sjv-j35,2022-08-01,2022-09-01,2022,8,2022-08,31,3199.1,104,81,27.58,29.87,103.19677419354838,3.3548387096774195,2.6129032258064515,39.49506172839506,30.760576923076922,337.26,2861.84,0.10542340033134319,0.8945765996686568,10.0,20.0,growing
254-222@62j-shx-j7q,2022-08-01,2022-09-01,2022,8,2022-08,31,4041.81,172,114,13.53,22.98,130.38096774193548,5.548387096774194,3.6774193548387095,35.45447368421053,23.49889534883721,0.0,4041.81,0.0,1.0,13.0,24.0,growing
zzw-22b@62j-shx-k9f,2022-08-01,2022-09-01,2022,8,2022-08,31,165.02,4,3,48.01,59.0,5.323225806451613,0.12903225806451613,0.0967741935483871,55.00666666666667,41.255,165.02,0.0,1.0,0.0,-73.0,184.0,declining
zzy-223@62j-sjs-r49,2022-08-01,2022-09-01,2022,8,2022-08,31,11910.82,1117,603,4.8,9.6,384.21999999999997,36.03225806451613,19.451612903225808,19.752603648424543,10.663222918531782,67.6,11843.22,0.005675511845532046,0.994324488154468,52.0,,growing
22b-224@62j-sgg-ks5,2022-08-01,2022-09-01,2022,8,2022-08,31,2677.95,104,67,17.58,22.95,86.38548387096773,3.3548387096774195,2.161290322580645,39.96940298507462,25.74951923076923,0.0,2677.95,0.0,1.0,0.0,-7.0,stable
258-223@62j-sk3-66k,2022-08-01,2022-09-01,2022,8,2022-08,31,956.0,17,10,53.0,74.0,30.838709677419356,0.5483870967741935,0.3225806451612903,95.6,56.23529411764706,0.0,956.0,0.0,1.0,-36.0,100.0,declining
zzy-228@62j-sk2-vs5,2022-08-01,2022-09-01,2022,8,2022-08,31,3386.98,52,47,44.0,44.0,109.25741935483872,1.6774193548387097,1.5161290322580645,72.06340425531916,65.13423076923077,0.0,3386.98,0.0,1.0,12.0,-28.0,growing
224-224@62j-sj4-syv,2022-08-01,2022-09-01,2022,8,2022-08,31,1750.59,52,34,28.78,43.51,56.47064516129032,1.6774193548387097,1.096774193548387,51.487941176470585,33.66519230769231,0.0,1750.59,0.0,1.0,-46.0,-4.0,declining
22h-222@62j-sjz-j5f,2022-08-01,2022-09-01,2022,8,2022-08,31,1898.57,43,29,43.31,47.24,61.244193548387095,1.3870967741935485,0.9354838709677419,65.46793103448276,44.15279069767442,0.0,1898.57,0.0,1.0,-14.0,-19.0,declining
zzy-224@62j-sj2-75z,2022-08-01,2022-09-01,2022,8,2022-08,31,703.75,9,6,65.54,126.67,22.701612903225808,0.2903225806451613,0.1935483870967742,117.29166666666667,78.19444444444444,0.0,703.75,0.0,1.0,-68.0,-25.0,declining
22h-223@62j-sjv-9mk,2022-08-01,2022-09-01,2022,8,2022-08,31,110.47,2,2,55.24,55.24,3.563548387096774,0.06451612903225806,0.06451612903225806,55.235,55.235,110.47,0.0,1.0,0.0,-81.0,,declining
22r-223@62j-sjs-vpv,2022-08-01,2022-09-01,2022,8,2022-08,31,601.72,60,25,8.59,12.38,19.41032258064516,1.935483870967742,0.8064516129032258,24.0688,10.028666666666668,26.97,574.75,0.04482151166655587,0.9551784883334441,4.0,-53.0,growing
22g-222@62j-sj3-9mk,2022-08-01,2022-09-01,2022,8,2022-08,31,31.76,2,2,15.88,15.88,1.0245161290322582,0.06451612903225806,0.06451612903225806,15.88,15.88,0.0,31.76,0.0,1.0,,,
22t-225@62j-sjy-7yv,2022-08-01,2022-09-01,2022,8,2022-08,31,6490.17,198,149,22.84,31.77,209.36032258064517,6.387096774193548,4.806451612903226,43.55818791946309,32.778636363636366,16.82,6473.35,0.002591611621883556,0.9974083883781164,-60.0,-54.0,declining
zzw-223@62j-sj2-s5z,2022-08-01,2022-09-01,2022,8,2022-08,31,467.97,8,8,44.56,44.56,15.095806451612905,0.25806451612903225,0.25806451612903225,58.49625,58.49625,0.0,467.97,0.0,1.0,48.0,721.0,growing
22n-223@62j-sjs-2c5,2022-08-01,2022-09-01,2022,8,2022-08,31,731.0,3,2,264.0,365.5,23.580645161290324,0.0967741935483871,0.06451612903225806,365.5,243.66666666666666,731.0,0.0,1.0,0.0,,,
238-223@62j-sk2-ysq,2022-08-01,2022-09-01,2022,8,2022-08,31,147.61,3,3,53.11,53.11,4.7616129032258065,0.0967741935483871,0.0967741935483871,49.20333333333334,49.20333333333334,0.0,147.61,0.0,1.0,81.0,-62.0,growing
zzy-229@62j-sk2-vs5,2022-08-01,2022-09-01,2022,8,2022-08,31,116.0,6,4,18.0,29.0,3.7419354838709675,0.1935483870967742,0.12903225806451613,29.0,19.333333333333332,116.0,0.0,1.0,0.0,26.0,,growing
224-222@62j-shx-jjv,2022-08-01,2022-09-01,2022,8,2022-08,31,7532.91,16,15,328.88,326.13,242.99709677419355,0.5161290322580645,0.4838709677419355,502.194,470.806875,0.0,7532.91,0.0,1.0,-7.0,4.0,declining
225-223@62j-sjs-3yv,2022-08-01,2022-09-01,2022,8,2022-08,31,13315.73,215,148,44.6,59.18,429.5396774193548,6.935483870967742,4.774193548387097,89.97114864864865,61.933627906976746,80.2,13235.529999999999,0.006022951802116745,0.9939770481978832,-4.0,27.0,declining
23b-222@62j-sjs-zj9,2022-08-01,2022-09-01,2022,8,2022-08,31,4230.09,90,58,28.3,56.86,136.45451612903227,2.903225806451613,1.8709677419354838,72.93258620689656,47.001000000000005,66.93,4163.16,0.015822358389537813,0.9841776416104622,-28.0,-69.0,declining
23j-223@62j-sgg-75z,2022-08-01,2022-09-01,2022,8,2022-08,31,3516.25,4,4,650.6,650.6,113.4274193548387,0.12903225806451613,0.12903225806451613,879.0625,879.0625,0.0,3516.25,0.0,1.0,-61.0,,declining
23k-223@62j-sjv-99f,2022-08-01,2022-09-01,2022,8,2022-08,31,863.08,42,38,15.09,21.3,27.841290322580647,1.3548387096774193,1.2258064516129032,22.71263157894737,20.549523809523812,0.0,863.08,0.0,1.0,45.0,-48.0,growing
24d-222@62j-sjv-99f,2022-08-01,2022-09-01,2022,8,2022-08,31,268.85,8,8,33.89,33.89,8.672580645161291,0.25806451612903225,0.25806451612903225,33.60625,33.60625,0.0,268.85,0.0,1.0,-26.0,-27.0,declining
zzw-22s@62j-shx-k9f,2022-08-01,2022-09-01,2022,8,2022-08,31,3174.12,53,50,50.09,57.49,102.39096774193548,1.7096774193548387,1.6129032258064515,63.4824,59.88905660377358,0.0,3174.12,0.0,1.0,28.0,36.0,growing
24z-222@62j-sk3-649,2022-08-01,2022-09-01,2022,8,2022-08,31,629.44,5,5,124.0,124.0,20.304516129032258,0.16129032258064516,0.16129032258064516,125.888,125.888,629.44,0.0,1.0,0.0,-74.0,-14.0,declining
23f-224@62j-sjv-9mk,2022-08-01,2022-09-01,2022,8,2022-08,31,89.65,5,2,16.29,44.83,2.891935483870968,0.16129032258064516,0.06451612903225806,44.825,17.93,89.65,0.0,1.0,0.0,,,
23q-222@62j-sj2-435,2022-08-01,2022-09-01,2022,8,2022-08,31,295.99,4,3,64.16,28.85,9.548064516129033,0.12903225806451613,0.0967741935483871,98.66333333333334,73.9975,283.99,12.0,0.9594580898003311,0.04054191019966891,-10.0,,declining
255-222@62j-sj2-835,2022-08-01,2022-09-01,2022,8,2022-08,31,5865.68,38,34,146.39,146.39,189.21548387096774,1.2258064516129032,1.096774193548387,172.52,154.36,5865.68,0.0,1.0,0.0,-18.0,70.0,declining
zzy-227@62j-sk2-vs5,2022-08-01,2022-09-01,2022,8,2022-08,31,48.15,4,4,12.08,12.08,1.553225806451613,0.12903225806451613,0.12903225806451613,12.0375,12.0375,0.0,48.15,0.0,1.0,-90.0,,declining
264-222@62j-sk3-47q,2022-08-01,2022-09-01,2022,8,2022-08,31,9917.29,135,85,49.71,60.08,319.9125806451613,4.354838709677419,2.7419354838709675,116.674,73.4614074074074,0.0,9917.29,0.0,1.0,-13.0,20.0,declining
22x-222@62j-sj2-t35,2022-08-01,2022-09-01,2022,8,2022-08,31,134.35,4,3,36.43,22.0,4.333870967741936,0.12903225806451613,0.0967741935483871,44.78333333333333,33.5875,0.0,134.35,0.0,1.0,,,
243-222@62j-sj2-s5z,2022-08-01,2022-09-01,2022,8,2022-08,31,183.97,3,3,60.0,60.0,5.934516129032258,0.0967741935483871,0.0967741935483871,61.32333333333333,61.32333333333333,183.97,0.0,1.0,0.0,-49.0,,declining
24k-222@62j-sjv-bc5,2022-08-01,2022-09-01,2022,8,2022-08,31,199.11,11,9,12.2,16.05,6.4229032258064525,0.3548387096774194,0.2903225806451613,22.123333333333335,18.10090909090909,16.05,183.06,0.0806087087539551,0.9193912912460449,-10.0,-91.0,declining
24t-223@62j-sj2-4jv,2022-08-01,2022-09-01,2022,8,2022-08,31,456.0,5,4,80.0,120.0,14.709677419354838,0.16129032258064516,0.12903225806451613,114.0,91.2,0.0,456.0,0.0,1.0,-53.0,-79.0,declining
25x-222@62j-sj3-4vz,2022-08-01,2022-09-01,2022,8,2022-08,31,1932.66,18,11,33.96,41.0,62.343870967741935,0.5806451612903226,0.3548387096774194,175.69636363636366,107.37,0.0,1932.66,0.0,1.0,-45.0,274.0,declining
zzy-222@62j-sj2-s5z,2022-08-01,2022-09-01,2022,8,2022-08,31,65.5,3,2,11.0,32.75,2.1129032258064515,0.0967741935483871,0.06451612903225806,32.75,21.833333333333332,0.0,65.5,0.0,1.0,,,
223-222@62j-sj2-d5f,2022-08-01,2022-09-01,2022,8,2022-08,31,364.21,11,4,9.37,60.28,11.748709677419354,0.3548387096774194,0.12903225806451613,91.0525,33.11,364.21,0.0,1.0,0.0,74.0,183.0,growing
26n-22b@62j-sjv-j7q,2022-08-01,2022-09-01,2022,8,2022-08,31,381.51,30,19,10.73,12.72,12.306774193548387,0.967741935483871,0.6129032258064516,20.079473684210527,12.717,0.0,381.51,0.0,1.0,46.0,15.0,growing
zzw-22c@62j-shx-jy9,2022-08-01,2022-09-01,2022,8,2022-08,31,2157.2,22,22,42.25,42.25,69.58709677419354,0.7096774193548387,0.7096774193548387,98.05454545454545,98.05454545454545,0.0,2157.2,0.0,1.0,6.0,18.0,growing
22c-223@62j-sjv-9zz,2022-08-01,2022-09-01,2022,8,2022-08,31,2968.0,127,105,15.0,15.0,95.74193548387096,4.096774193548387,3.3870967741935485,28.266666666666666,23.37007874015748,0.0,2968.0,0.0,1.0,-11.0,,declining
zzw-224@62j-sk3-649,2022-08-01,2022-09-01,2022,8,2022-08,31,300.0,2,2,150.0,150.0,9.67741935483871,0.06451612903225806,0.06451612903225806,150.0,150.0,0.0,300.0,0.0,1.0,94.0,-17.0,growing
23k-222@62j-sj2-75z,2022-08-01,2022-09-01,2022,8,2022-08,31,247.2,4,3,45.0,90.0,7.974193548387096,0.12903225806451613,0.0967741935483871,82.39999999999999,61.8,0.0,247.2,0.0,1.0,41.0,97.0,growing
zzw-225@62j-sj2-p35,2022-08-01,2022-09-01,2022,8,2022-08,31,71.84,3,2,30.01,35.92,2.3174193548387096,0.0967741935483871,0.06451612903225806,35.92,23.94666666666667,0.0,71.84,0.0,1.0,-24.0,-89.0,declining
22n-222@62j-shx-tjv,2022-08-01,2022-09-01,2022,8,2022-08,31,217.67,4,4,53.11,53.11,7.021612903225806,0.12903225806451613,0.12903225806451613,54.4175,54.4175,0.0,217.67,0.0,1.0,-50.0,-56.0,declining
22d-222@62j-sj2-y9z,2022-08-01,2022-09-01,2022,8,2022-08,31,40.88,3,2,4.18,20.44,1.318709677419355,0.0967741935483871,0.06451612903225806,20.44,13.626666666666667,0.0,40.88,0.0,1.0,,,
22s-225@62j-sj2-rkz,2022-08-01,2022-09-01,2022,8,2022-08,31,4766.91,230,159,12.49,16.43,153.77129032258065,7.419354838709677,5.129032258064516,29.980566037735848,20.72569565217391,70.35,4696.5599999999995,0.014757987878940445,0.9852420121210596,7.0,-17.0,growing
22q-222@62j-shx-jqf,2022-08-01,2022-09-01,2022,8,2022-08,31,6670.75,14,11,409.02,612.22,215.18548387096774,0.45161290322580644,0.3548387096774194,606.4318181818181,476.48214285714283,0.0,6670.75,0.0,1.0,-12.0,-32.0,declining
zzy-222@62j-sj3-3bk,2022-08-01,2022-09-01,2022,8,2022-08,31,1314.11,76,72,13.12,14.57,42.39064516129032,2.4516129032258065,2.3225806451612905,18.251527777777778,17.290921052631578,883.75,430.3599999999999,0.6725083897086241,0.32749161029137586,-88.0,-55.0,declining
222-222@62j-sjs-45f,2022-08-01,2022-09-01,2022,8,2022-08,31,1767.0,4,3,511.0,352.0,57.0,0.12903225806451613,0.0967741935483871,589.0,441.75,0.0,1767.0,0.0,1.0,,,
228-222@62j-sj2-s5z,2022-08-01,2022-09-01,2022,8,2022-08,31,1942.0,39,28,30.68,38.44,62.645161290322584,1.2580645161290323,0.9032258064516129,69.35714285714286,49.794871794871796,1942.0,0.0,1.0,0.0,-39.0,-27.0,declining
22g-222@62j-sjs-5j9,2022-08-01,2022-09-01,2022,8,2022-08,31,2225.0,2,2,1112.5,1112.5,71.7741935483871,0.06451612903225806,0.06451612903225806,1112.5,1112.5,0.0,2225.0,0.0,1.0,,,
23z-222@62j-sj3-9mk,2022-08-01,2022-09-01,2022,8,2022-08,31,554.82,14,11,30.77,22.77,17.89741935483871,0.45161290322580644,0.3548387096774194,50.438181818181825,39.63,0.0,554.82,0.0,1.0,26.0,100.0,growing
zzw-228@62j-shx-tjv,2022-08-01,2022-09-01,2022,8,2022-08,31,35986.01,91,77,116.0,122.55,1160.8390322580647,2.935483870967742,2.4838709677419355,467.35077922077926,395.45065934065934,693.74,35292.270000000004,0.019278047218905345,0.9807219527810946,-14.0,19.0,declining
229-222@62j-sj2-s5z,2022-08-01,2022-09-01,2022,8,2022-08,31,3834.62,39,33,102.03,103.27,123.6974193548387,1.2580645161290323,1.064516129032258,116.20060606060606,98.32358974358974,3834.62,0.0,1.0,0.0,2.0,13.0,growing
zzy-222@62j-sj2-75z,2022-08-01,2022-09-01,2022,8,2022-08,31,511.95,75,38,4.76,10.06,16.51451612903226,2.4193548387096775,1.2258064516129032,13.47236842105263,6.826,3.95,508.0,0.007715597226291631,0.9922844027737083,20.0,4.0,growing
zzw-22y@62j-shx-k9f,2022-08-01,2022-09-01,2022,8,2022-08,31,110.25,3,3,22.76,22.76,3.556451612903226,0.0967741935483871,0.0967741935483871,36.75,36.75,0.0,110.25,0.0,1.0,-6.0,,declining
227-223@62j-sjv-bc5,2022-08-01,2022-09-01,2022,8,2022-08,31,429.67,12,10,44.36,44.36,13.860322580645162,0.3870967741935484,0.3225806451612903,42.967,35.80583333333333,0.0,429.67,0.0,1.0,8.0,16.0,growing
224-222@62j-sk2-tqf,2022-08-01,2022-09-01,2022,8,2022-08,31,3924.28,26,20,99.34,100.25,126.58967741935484,0.8387096774193549,0.6451612903225806,196.214,150.93384615384616,3924.28,0.0,1.0,0.0,99.0,23.0,growing
222-223@62j-sj3-33q,2022-08-01,2022-09-01,2022,8,2022-08,31,1919.83,296,153,5.65,8.32,61.93,9.548387096774194,4.935483870967742,12.547908496732026,6.485912162162162,15.6,1904.23,0.008125719464744274,0.9918742805352557,8.0,20.0,growing
zzy-222@62j-sjv-j35,2022-08-01,2022-09-01,2022,8,2022-08,31,352.0,8,6,43.5,43.5,11.35483870967742,0.25806451612903225,0.1935483870967742,58.666666666666664,44.0,0.0,352.0,0.0,1.0,22.0,-5.0,growing
zzw-22r@62j-shx-k9f,2022-08-01,2022-09-01,2022,8,2022-08,31,765.29,106,70,4.7,6.29,24.686774193548384,3.4193548387096775,2.2580645161290325,10.932714285714285,7.219716981132075,2.45,762.8399999999999,0.003201400776176352,0.9967985992238236,45.0,5.0,growing
222-224@62j-sjs-54v,2022-08-01,2022-09-01,2022,8,2022-08,31,378.72,18,16,14.87,14.87,12.216774193548387,0.5806451612903226,0.5161290322580645,23.67,21.040000000000003,74.23,304.49,0.19600232361639205,0.803997676383608,-68.0,98.0,declining
22c-222@62j-sj2-vmk,2022-08-01,2022-09-01,2022,8,2022-08,31,145.0,3,3,33.0,33.0,4.67741935483871,0.0967741935483871,0.0967741935483871,48.333333333333336,48.333333333333336,0.0,145.0,0.0,1.0,,,
zzw-224@62j-shx-k9f,2022-08-01,2022-09-01,2022,8,2022-08,31,244.29,27,25,8.87,7.48,7.880322580645161,0.8709677419354839,0.8064516129032258,9.7716,9.047777777777778,0.0,244.29,0.0,1.0,-24.0,,declining
223-227@62j-sjv-9mk,2022-08-01,2022-09-01,2022,8,2022-08,31,7571.03,750,489,4.8,9.6,244.22677419354838,24.193548387096776,15.774193548387096,15.482678936605316,10.094706666666667,201.75,7369.28,0.026647629186517554,0.9733523708134825,-57.0,,declining
22c-222@62j-sjv-9zz,2022-08-01,2022-09-01,2022,8,2022-08,31,1382.32,214,128,5.06,7.73,44.59096774193548,6.903225806451613,4.129032258064516,10.799375,6.459439252336448,0.0,1382.32,0.0,1.0,-5.0,180.0,declining
248-223@62j-sjs-vpv,2022-08-01,2022-09-01,2022,8,2022-08,31,4675.7,3,3,208.65,208.65,150.8290322580645,0.0967741935483871,0.0967741935483871,1558.5666666666666,1558.5666666666666,0.0,4675.7,0.0,1.0,149.0,420.0,growing
24b-222@62j-sjw-v9f,2022-08-01,2022-09-01,2022,8,2022-08,31,419.6,6,4,57.49,114.97,13.535483870967743,0.1935483870967742,0.12903225806451613,104.9,69.93333333333334,0.0,419.6,0.0,1.0,,503.0,
25w-226@62j-sjv-j35,2022-08-01,2022-09-01,2022,8,2022-08,31,721.31,104,49,6.02,7.58,23.26806451612903,3.3548387096774195,1.5806451612903225,14.720612244897959,6.935673076923076,0.0,721.31,0.0,1.0,-18.0,40.0,declining
22d-222@62j-sjr-zcq,2022-08-01,2022-09-01,2022,8,2022-08,31,1665.66,217,125,6.61,8.96,53.73096774193549,7.0,4.032258064516129,13.325280000000001,7.675852534562212,15.26,1650.4,0.009161533566274029,0.990838466433726,-13.0,-11.0,declining
24m-222@62j-sk3-59f,2022-08-01,2022-09-01,2022,8,2022-08,31,236.2,9,7,18.68,30.36,7.619354838709677,0.2903225806451613,0.22580645161290322,33.74285714285714,26.244444444444444,236.2,0.0,1.0,0.0,44.0,254.0,growing
233-222@62j-sjs-v75,2022-08-01,2022-09-01,2022,8,2022-08,31,1395.74,25,12,28.09,46.1,45.023870967741935,0.8064516129032258,0.3870967741935484,116.31166666666667,55.8296,0.0,1395.74,0.0,1.0,37.0,281.0,growing
235-222@62j-sj2-s5z,2022-08-01,2022-09-01,2022,8,2022-08,31,1439.52,17,15,80.78,80.78,46.436129032258066,0.5483870967741935,0.4838709677419355,95.968,84.67764705882352,0.0,1439.52,0.0,1.0,-60.0,,declining
23f-222@62j-sjv-9mk,2022-08-01,2022-09-01,2022,8,2022-08,31,1194.88,103,64,9.36,13.3,38.54451612903226,3.3225806451612905,2.064516129032258,18.67,11.600776699029128,0.0,1194.88,0.0,1.0,-36.0,68.0,declining
26h-222@62j-sj2-xbk,2022-08-01,2022-09-01,2022,8,2022-08,31,512.41,31,18,15.47,18.49,16.529354838709676,1.0,0.5806451612903226,28.46722222222222,16.529354838709676,0.0,512.41,0.0,1.0,-64.0,-20.0,declining
222-224@62j-sjv-975,2022-08-01,2022-09-01,2022,8,2022-08,31,160.0,2,2,80.0,80.0,5.161290322580645,0.06451612903225806,0.06451612903225806,80.0,80.0,0.0,160.0,0.0,1.0,,,
224-222@62j-sj2-d9z,2022-08-01,2022-09-01,2022,8,2022-08,31,94.88,18,2,3.6,47.44,3.0606451612903225,0.5806451612903226,0.06451612903225806,47.44,5.271111111111111,0.0,94.88,0.0,1.0,-37.0,,declining
22d-222@62j-sj2-rff,2022-08-01,2022-09-01,2022,8,2022-08,31,96.87,6,6,10.07,10.07,3.1248387096774195,0.1935483870967742,0.1935483870967742,16.145,16.145,4.74,92.13000000000001,0.04893155775781976,0.9510684422421802,321.0,-1.0,growing
233-222@62j-sj2-8gk,2022-08-01,2022-09-01,2022,8,2022-08,31,825.53,55,30,9.1,18.75,26.63,1.7741935483870968,0.967741935483871,27.517666666666667,15.009636363636362,650.91,174.62,0.7884752825457585,0.2115247174542415,-42.0,33.0,declining
26t-222@62j-sjz-k75,2022-08-01,2022-09-01,2022,8,2022-08,31,1903.79,5,5,299.38,299.38,61.41258064516129,0.16129032258064516,0.16129032258064516,380.758,380.758,0.0,1903.79,0.0,1.0,-18.0,-10.0,declining
222-222@62j-sgg-kfz,2022-08-01,2022-09-01,2022,8,2022-08,31,1094.67,141,74,5.86,8.64,35.31193548387097,4.548387096774194,2.3870967741935485,14.792837837837839,7.7636170212765965,31.38,1063.29,0.028666173367316174,0.9713338266326839,11.0,15.0,growing
24d-222@62j-sjv-bc5,2022-08-01,2022-09-01,2022,8,2022-08,31,804.67,11,10,30.81,30.81,25.95709677419355,0.3548387096774194,0.3225806451612903,80.467,73.15181818181817,20.13,784.54,0.02501646637752122,0.9749835336224788,120.0,86.0,growing
zzw-226@62j-sjv-8jv,2022-08-01,2022-09-01,2022,8,2022-08,31,753.62,77,54,7.06,11.11,24.31032258064516,2.4838709677419355,1.7419354838709677,13.955925925925927,9.787272727272727,12.5,741.12,0.01658660863565192,0.9834133913643481,58.0,25.0,growing
25j-222@62j-sj2-hkf,2022-08-01,2022-09-01,2022,8,2022-08,31,11288.99,368,171,21.15,34.33,364.16096774193545,11.870967741935484,5.516129032258065,66.01748538011695,30.676603260869566,159.56,11129.43,0.014134125373483368,0.9858658746265166,-15.0,-9.0,declining
zzw-223@62j-sk2-vpv,2022-08-01,2022-09-01,2022,8,2022-08,31,1850.36,92,67,14.98,18.51,59.689032258064515,2.967741935483871,2.161290322580645,27.617313432835818,20.112608695652174,0.0,1850.36,0.0,1.0,-33.0,100.0,declining
224-222@62j-sjt-8n5,2022-08-01,2022-09-01,2022,8,2022-08,31,5576.32,23,20,50.0,66.97,179.88129032258064,0.7419354838709677,0.6451612903225806,278.816,242.4486956521739,0.0,5576.32,0.0,1.0,-21.0,,declining
223-222@62j-sjs-btv,2022-08-01,2022-09-01,2022,8,2022-08,31,11496.44,12,12,418.62,418.62,370.8529032258065,0.3870967741935484,0.3870967741935484,958.0366666666667,958.0366666666667,0.0,11496.44,0.0,1.0,1.0,108.0,growing
234-226@62j-sjs-v75,2022-08-01,2022-09-01,2022,8,2022-08,31,256.0,2,2,128.0,128.0,8.258064516129032,0.06451612903225806,0.06451612903225806,128.0,128.0,0.0,256.0,0.0,1.0,,,
25v-223@62j-sjv-b6k,2022-08-01,2022-09-01,2022,8,2022-08,31,1788.74,99,68,14.77,18.99,57.70129032258065,3.193548387096774,2.193548387096774,26.305,18.068080808080808,49.5,1739.24,0.02767311068126167,0.9723268893187383,17.0,-16.0,growing
zzw-223@62j-sjv-835,2022-08-01,2022-09-01,2022,8,2022-08,31,1601.65,14,14,100.44,100.44,51.66612903225807,0.45161290322580644,0.45161290322580644,114.40357142857144,114.40357142857144,167.67,1433.98,0.10468579277619953,0.8953142072238005,977.0,-94.0,growing
zzw-225@62j-sk2-vs5,2022-08-01,2022-09-01,2022,8,2022-08,31,2321.01,36,22,51.49,51.49,74.87129032258065,1.1612903225806452,0.7096774193548387,105.50045454545456,64.47250000000001,1366.87,954.1400000000003,0.5889117237754252,0.4110882762245748,-72.0,-46.0,declining
226-222@62j-sk2-y5f,2022-08-01,2022-09-01,2022,8,2022-08,31,7810.98,260,227,20.64,26.9,251.96709677419352,8.387096774193548,7.32258064516129,34.40960352422907,30.042230769230766,0.0,7810.98,0.0,1.0,29.0,3.0,growing
22b-223@62j-sj2-85f,2022-08-01,2022-09-01,2022,8,2022-08,31,153.9,28,23,4.21,4.13,4.964516129032258,0.9032258064516129,0.7419354838709677,6.691304347826088,5.496428571428572,0.0,153.9,0.0,1.0,-64.0,-70.0,declining
244-222@62j-sj3-9fz,2022-08-01,2022-09-01,2022,8,2022-08,31,100.97,3,3,36.87,36.87,3.257096774193548,0.0967741935483871,0.0967741935483871,33.656666666666666,33.656666666666666,0.0,100.97,0.0,1.0,,,
zzw-22g@62j-shx-tjv,2022-08-01,2022-09-01,2022,8,2022-08,31,3815.48,40,39,64.82,63.75,123.08,1.2903225806451613,1.2580645161290323,97.83282051282052,95.387,0.0,3815.48,0.0,1.0,72.0,27.0,growing
225-222@62j-sjs-d35,2022-08-01,2022-09-01,2022,8,2022-08,31,1034.05,84,59,10.63,15.38,33.35645161290322,2.7096774193548385,1.903225806451613,17.526271186440677,12.310119047619047,64.94,969.1099999999999,0.06280160533823316,0.9371983946617668,-10.0,,declining
zzw-223@62j-sj2-d5f,2022-08-01,2022-09-01,2022,8,2022-08,31,1626.32,11,11,90.0,90.0,52.46193548387097,0.3548387096774194,0.3548387096774194,147.84727272727272,147.84727272727272,1626.32,0.0,1.0,0.0,-51.0,105.0,declining
2dz-222@62j-sj3-2zf,2022-08-01,2022-09-01,2022,8,2022-08,31,428.3,16,11,17.92,20.33,13.816129032258065,0.5161290322580645,0.3548387096774194,38.93636363636364,26.76875,428.3,0.0,1.0,0.0,50.0,76.0,growing
zzy-222@62j-sk3-249,2022-08-01,2022-09-01,2022,8,2022-08,31,1653.0,39,29,43.0,44.0,53.32258064516129,1.2580645161290323,0.9354838709677419,57.0,42.38461538461539,0.0,1653.0,0.0,1.0,-9.0,32.0,declining
226-222@62j-sjs-vpv,2022-08-01,2022-09-01,2022,8,2022-08,31,114.9,4,3,28.08,32.81,3.706451612903226,0.12903225806451613,0.0967741935483871,38.300000000000004,28.725,0.0,114.9,0.0,1.0,-63.0,-47.0,declining
zzw-224@62j-shx-jy9,2022-08-01,2022-09-01,2022,8,2022-08,31,1333.0,12,10,70.5,79.0,43.0,0.3870967741935484,0.3225806451612903,133.3,111.08333333333333,0.0,1333.0,0.0,1.0,90.0,20.0,growing
22n-222@62j-sjv-9zz,2022-08-01,2022-09-01,2022,8,2022-08,31,407.5,48,19,6.35,12.79,13.14516129032258,1.5483870967741935,0.6129032258064516,21.44736842105263,8.489583333333334,407.5,0.0,1.0,0.0,129.0,288.0,growing
23h-222@62j-sjs-yqf,2022-08-01,2022-09-01,2022,8,2022-08,31,49.76,4,4,6.42,6.42,1.6051612903225805,0.12903225806451613,0.12903225806451613,12.44,12.44,0.0,49.76,0.0,1.0,-77.0,-60.0,declining
22n-222@62j-sj2-89z,2022-08-01,2022-09-01,2022,8,2022-08,31,214.48,8,7,14.77,12.07,6.918709677419354,0.25806451612903225,0.22580645161290322,30.639999999999997,26.81,71.61,142.87,0.33387728459530025,0.6661227154046998,,,
22t-222@62j-sj2-t35,2022-08-01,2022-09-01,2022,8,2022-08,31,1450.18,25,15,50.69,54.1,46.78,0.8064516129032258,0.4838709677419355,96.67866666666667,58.007200000000005,0.0,1450.18,0.0,1.0,-24.0,35.0,declining
23b-222@62j-sj2-rzf,2022-08-01,2022-09-01,2022,8,2022-08,31,240.88,27,19,8.29,8.03,7.7703225806451615,0.8709677419354839,0.6129032258064516,12.677894736842106,8.92148148148148,240.88,0.0,1.0,0.0,-42.0,6.0,declining
23c-222@62j-sjv-8qf,2022-08-01,2022-09-01,2022,8,2022-08,31,10630.61,279,223,22.95,28.63,342.92290322580646,9.0,7.193548387096774,47.67089686098655,38.102544802867385,0.0,10630.61,0.0,1.0,-33.0,15.0,declining
243-222@62j-shx-j7q,2022-08-01,2022-09-01,2022,8,2022-08,31,688.94,66,45,5.97,7.68,22.223870967741938,2.129032258064516,1.4516129032258065,15.309777777777779,10.43848484848485,0.0,688.94,0.0,1.0,60.0,-9.0,growing
227-222@62j-sj3-2tv,2022-08-01,2022-09-01,2022,8,2022-08,31,923.17,14,9,52.37,59.29,29.779677419354837,0.45161290322580644,0.2903225806451613,102.57444444444444,65.94071428571428,0.0,923.17,0.0,1.0,482.0,,growing
22q-222@62j-sjv-9vf,2022-08-01,2022-09-01,2022,8,2022-08,31,1829.0,9,6,20.0,29.5,59.0,0.2903225806451613,0.1935483870967742,304.8333333333333,203.22222222222223,0.0,1829.0,0.0,1.0,461.0,,growing
zzw-222@62j-shx-qxq,2022-08-01,2022-09-01,2022,8,2022-08,31,2211.2,34,25,38.37,60.0,71.32903225806452,1.096774193548387,0.8064516129032258,88.448,65.03529411764706,2211.2,0.0,1.0,0.0,-14.0,45.0,declining
zzw-222@62j-sj2-d9z,2022-08-01,2022-09-01,2022,8,2022-08,31,1101.21,37,29,24.26,36.65,35.52290322580645,1.1935483870967742,0.9354838709677419,37.97275862068965,29.762432432432433,1101.21,0.0,1.0,0.0,20.0,144.0,growing
227-222@62j-sj2-ffz,2022-08-01,2022-09-01,2022,8,2022-08,31,475.68,7,6,79.2,67.75,15.34451612903226,0.22580645161290322,0.1935483870967742,79.28,67.95428571428572,0.0,475.68,0.0,1.0,79.0,47.0,growing
26t-222@62j-sk3-649,2022-08-01,2022-09-01,2022,8,2022-08,31,1533.15,85,59,14.75,18.63,49.45645161290323,2.7419354838709675,1.903225806451613,25.985593220338984,18.037058823529414,1533.15,0.0,1.0,0.0,-44.0,313.0,declining
zzw-222@62j-sjv-975,2022-08-01,2022-09-01,2022,8,2022-08,31,761.93,142,73,4.56,7.48,24.578387096774193,4.580645161290323,2.3548387096774195,10.437397260273972,5.365704225352112,0.0,761.93,0.0,1.0,45.0,124.0,growing
zzw-222@62j-sk2-v9f,2022-08-01,2022-09-01,2022,8,2022-08,31,703.46,32,27,20.01,19.99,22.692258064516132,1.032258064516129,0.8709677419354839,26.054074074074077,21.983125,367.01,336.45000000000005,0.5217212066073408,0.4782787933926592,85.0,150.0,growing
zzw-223@62j-sjv-9zz,2022-08-01,2022-09-01,2022,8,2022-08,31,1877.34,17,17,101.67,101.67,60.55935483870967,0.5483870967741935,0.5483870967741935,110.43176470588234,110.43176470588234,0.0,1877.34,0.0,1.0,108.0,-27.0,growing
225-222@62j-sj3-9fz,2022-08-01,2022-09-01,2022,8,2022-08,31,1465.51,50,28,26.56,37.5,47.27451612903226,1.6129032258064515,0.9032258064516129,52.339642857142856,29.3102,0.0,1465.51,0.0,1.0,41.0,-23.0,growing
225-223@62j-sjs-54v,2022-08-01,2022-09-01,2022,8,2022-08,31,10046.82,393,232,15.4,21.13,324.09096774193546,12.67741935483871,7.483870967741935,43.305258620689656,25.56442748091603,0.0,10046.82,0.0,1.0,50.0,23.0,growing
223-222@62j-sjv-9zz,2022-08-01,2022-09-01,2022,8,2022-08,31,565.92,6,6,70.88,70.88,18.25548387096774,0.1935483870967742,0.1935483870967742,94.32,94.32,565.92,0.0,1.0,0.0,-19.0,-6.0,declining
22m-222@62j-sk2-zzz,2022-08-01,2022-09-01,2022,8,2022-08,31,320.69,3,3,81.65,81.65,10.34483870967742,0.0967741935483871,0.0967741935483871,106.89666666666666,106.89666666666666,0.0,320.69,0.0,1.0,-47.0,-66.0,declining
229-223@62j-sj2-4qf,2022-08-01,2022-09-01,2022,8,2022-08,31,6202.82,174,130,26.91,32.61,200.0909677419355,5.612903225806452,4.193548387096774,47.714,35.648390804597696,0.0,6202.82,0.0,1.0,-29.0,-3.0,declining
26q-222@62j-sjv-8jv,2022-08-01,2022-09-01,2022,8,2022-08,31,395.7,7,6,67.0,73.7,12.764516129032257,0.22580645161290322,0.1935483870967742,65.95,56.528571428571425,0.0,395.7,0.0,1.0,-84.0,81.0,declining
zzw-224@62j-sjv-835,2022-08-01,2022-09-01,2022,8,2022-08,31,35.4,2,2,17.7,17.7,1.1419354838709677,0.06451612903225806,0.06451612903225806,17.7,17.7,35.4,0.0,1.0,0.0,,,
zzw-22m@62j-shx-k9f,2022-08-01,2022-09-01,2022,8,2022-08,31,622.3,48,36,12.59,12.38,20.074193548387097,1.5483870967741935,1.1612903225806452,17.28611111111111,12.964583333333332,0.0,622.3,0.0,1.0,-45.0,-16.0,declining
223-222@62j-sk2-zvf,2022-08-01,2022-09-01,2022,8,2022-08,31,184.07,5,4,40.94,36.72,5.937741935483871,0.16129032258064516,0.12903225806451613,46.0175,36.814,0.0,184.07,0.0,1.0,-15.0,-76.0,declining
22x-223@62j-sk3-66k,2022-08-01,2022-09-01,2022,8,2022-08,31,1723.45,83,54,13.89,22.38,55.59516129032258,2.6774193548387095,1.7419354838709677,31.91574074074074,20.764457831325302,0.0,1723.45,0.0,1.0,106.0,4.0,growing
zzw-22j@62j-sjv-j35,2022-08-01,2022-09-01,2022,8,2022-08,31,4402.59,40,30,85.93,119.92,142.01903225806453,1.2903225806451613,0.967741935483871,146.75300000000001,110.06475,4402.59,0.0,1.0,0.0,-53.0,67.0,declining
233-222@62j-sk3-249,2022-08-01,2022-09-01,2022,8,2022-08,31,1786.02,11,11,145.95,145.95,57.61354838709677,0.3548387096774194,0.3548387096774194,162.36545454545455,162.36545454545455,0.0,1786.02,0.0,1.0,818.0,47.0,growing
zzw-222@62j-sjv-b6k,2022-08-01,2022-09-01,2022,8,2022-08,31,647.89,42,33,12.84,17.78,20.899677419354838,1.3548387096774193,1.064516129032258,19.633030303030303,15.425952380952381,526.51,121.38,0.8126533825186374,0.1873466174813626,-36.0,,declining
zzw-222@62j-sjs-2zf,2022-08-01,2022-09-01,2022,8,2022-08,31,312.62,3,3,13.86,13.86,10.084516129032258,0.0967741935483871,0.0967741935483871,104.20666666666666,104.20666666666666,284.9,27.720000000000027,0.9113300492610836,0.08866995073891637,,,
22b-224@62j-sj3-2tv,2022-08-01,2022-09-01,2022,8,2022-08,31,1938.0,14,5,41.0,165.0,62.516129032258064,0.45161290322580644,0.16129032258064516,387.6,138.42857142857142,0.0,1938.0,0.0,1.0,-8.0,,declining
22d-222@62j-sjv-8qf,2022-08-01,2022-09-01,2022,8,2022-08,31,2578.03,29,25,75.4,89.05,83.16225806451614,0.9354838709677419,0.8064516129032258,103.1212,88.89758620689656,2369.03,209.0,0.9189303460394177,0.0810696539605823,10.0,,growing
222-222@62j-sj2-wx5,2022-08-01,2022-09-01,2022,8,2022-08,31,482.15,25,21,10.2,20.82,15.553225806451612,0.8064516129032258,0.6774193548387096,22.95952380952381,19.285999999999998,0.0,482.15,0.0,1.0,49.0,106.0,growing
zzw-222@62j-shx-hbk,2022-08-01,2022-09-01,2022,8,2022-08,31,60.0,5,5,10.0,10.0,1.935483870967742,0.16129032258064516,0.16129032258064516,12.0,12.0,0.0,60.0,0.0,1.0,-48.0,,declining
26g-222@62j-sj2-nqz,2022-08-01,2022-09-01,2022,8,2022-08,31,637.73,31,17,7.5,16.5,20.57193548387097,1.0,0.5483870967741935,37.51352941176471,20.57193548387097,0.0,637.73,0.0,1.0,219.0,2.0,growing
22x-223@62j-sj3-9mk,2022-08-01,2022-09-01,2022,8,2022-08,31,1822.58,16,13,91.34,110.65,58.79290322580645,0.5161290322580645,0.41935483870967744,140.19846153846154,113.91125,1822.58,0.0,1.0,0.0,29.0,149.0,growing
22m-222@62j-sjv-bc5,2022-08-01,2022-09-01,2022,8,2022-08,31,139.0,10,8,15.0,14.0,4.483870967741935,0.3225806451612903,0.25806451612903225,17.375,13.9,0.0,139.0,0.0,1.0,-46.0,-88.0,declining
263-222@62j-sj2-s89,2022-08-01,2022-09-01,2022,8,2022-08,31,501.04,29,20,12.0,16.65,16.16258064516129,0.9354838709677419,0.6451612903225806,25.052,17.277241379310347,0.0,501.04,0.0,1.0,-23.0,152.0,declining
23g-222@62j-sj2-xbk,2022-08-01,2022-09-01,2022,8,2022-08,31,281.13,19,9,7.98,31.0,9.068709677419355,0.6129032258064516,0.2903225806451613,31.236666666666665,14.796315789473685,0.0,281.13,0.0,1.0,-37.0,-30.0,declining
zzw-222@62j-sj2-bzf,2022-08-01,2022-09-01,2022,8,2022-08,31,4255.02,260,178,13.46,18.01,137.25870967741938,8.387096774193548,5.741935483870968,23.904606741573037,16.365461538461542,3084.31,1170.7100000000005,0.724863807925697,0.27513619207430295,-35.0,24.0,declining
zzw-223@62j-sk2-vs5,2022-08-01,2022-09-01,2022,8,2022-08,31,832.37,117,76,5.76,6.83,26.850645161290323,3.774193548387097,2.4516129032258065,10.952236842105263,7.114273504273505,20.02,812.35,0.024051803885291396,0.9759481961147086,-10.0,-16.0,declining
zzw-227@62j-sk2-vs5,2022-08-01,2022-09-01,2022,8,2022-08,31,3393.34,208,136,13.25,15.28,109.4625806451613,6.709677419354839,4.387096774193548,24.951029411764708,16.314134615384617,49.38,3343.96,0.014552034278911044,0.985447965721089,20.0,-12.0,growing
227-225@62j-sjv-bc5,2022-08-01,2022-09-01,2022,8,2022-08,31,319.24,4,3,88.12,51.24,10.298064516129033,0.12903225806451613,0.0967741935483871,106.41333333333334,79.81,0.0,319.24,0.0,1.0,-4.0,-56.0,declining
22d-22c@62j-sjv-9zz,2022-08-01,2022-09-01,2022,8,2022-08,31,422.65,9,8,36.0,27.15,13.633870967741935,0.2903225806451613,0.25806451612903225,52.83125,46.96111111111111,0.0,422.65,0.0,1.0,-43.0,-68.0,declining
22r-222@62j-sj2-sdv,2022-08-01,2022-09-01,2022,8,2022-08,31,6070.7,74,64,48.13,51.41,195.8290322580645,2.3870967741935485,2.064516129032258,94.8546875,82.03648648648648,6070.7,0.0,1.0,0.0,90.0,90.0,growing
236-222@62j-sj2-p35,2022-08-01,2022-09-01,2022,8,2022-08,31,55561.66,1967,1224,18.95,31.28,1792.311612903226,63.45161290322581,39.483870967741936,45.39351307189543,28.24690391459075,110.84,55450.82000000001,0.001994900800300063,0.9980050991996999,155.0,2.0,growing
243-222@62j-sk2-tsq,2022-08-01,2022-09-01,2022,8,2022-08,31,3879.77,99,72,38.6,49.78,125.15387096774194,3.193548387096774,2.3225806451612905,53.88569444444445,39.18959595959596,45.22,3834.55,0.011655330083999825,0.9883446699160002,-9.0,,declining
22m-225@62j-sjs-v75,2022-08-01,2022-09-01,2022,8,2022-08,31,300.0,2,2,150.0,150.0,9.67741935483871,0.06451612903225806,0.06451612903225806,150.0,150.0,0.0,300.0,0.0,1.0,-74.0,,declining
23k-222@62j-sj3-9mk,2022-08-01,2022-09-01,2022,8,2022-08,31,137.86,3,3,12.41,12.41,4.4470967741935485,0.0967741935483871,0.0967741935483871,45.95333333333334,45.95333333333334,137.86,0.0,1.0,0.0,10.0,,growing
zzw-222@62j-sj3-3yv,2022-08-01,2022-09-01,2022,8,2022-08,31,69.6,10,5,9.6,19.2,2.2451612903225806,0.3225806451612903,0.16129032258064516,13.919999999999998,6.959999999999999,0.0,69.6,0.0,1.0,32.0,,growing
22f-222@62j-sk2-y5f,2022-08-01,2022-09-01,2022,8,2022-08,31,9493.96,291,232,20.52,24.93,306.2567741935484,9.387096774193548,7.483870967741935,40.92224137931034,32.62529209621993,8.06,9485.9,0.0008489608129800422,0.99915103918702,20.0,-34.0,growing
22m-222@62j-sj2-t35,2022-08-01,2022-09-01,2022,8,2022-08,31,413.44,54,31,5.81,8.86,13.336774193548386,1.7419354838709677,1.0,13.336774193548386,7.656296296296296,0.0,413.44,0.0,1.0,-8.0,-11.0,declining
223-222@62j-sjs-54v,2022-08-01,2022-09-01,2022,8,2022-08,31,42599.34,826,438,35.8,58.45,1374.172258064516,26.64516129032258,14.129032258064516,97.25876712328767,51.57305084745762,316.42,42282.92,0.007427814609334324,0.9925721853906657,11.0,-4.0,growing
222-222@62j-sjs-54v,2022-08-01,2022-09-01,2022,8,2022-08,31,820.58,117,80,6.18,6.98,26.470322580645163,3.774193548387097,2.5806451612903225,10.25725,7.013504273504274,0.0,820.58,0.0,1.0,35.0,8.0,growing
zzw-226@62j-sj2-cdv,2022-08-01,2022-09-01,2022,8,2022-08,31,1169.92,15,8,52.67,136.34,37.73935483870968,0.4838709677419355,0.25806451612903225,146.24,77.99466666666667,0.0,1169.92,0.0,1.0,349.0,397.0,growing
zzw-224@62j-sj2-t5f,2022-08-01,2022-09-01,2022,8,2022-08,31,648.0,8,6,93.5,82.5,20.903225806451612,0.25806451612903225,0.1935483870967742,108.0,81.0,0.0,648.0,0.0,1.0,-22.0,104.0,declining
222-226@62j-sj3-33q,2022-08-01,2022-09-01,2022,8,2022-08,31,14480.76,642,220,13.3,27.86,467.12129032258065,20.70967741935484,7.096774193548387,65.82163636363636,22.55570093457944,0.0,14480.76,0.0,1.0,-2.0,70.0,declining
222-22s@62j-sj3-33q,2022-08-01,2022-09-01,2022,8,2022-08,31,972.2,13,13,66.0,66.0,31.361290322580647,0.41935483870967744,0.41935483870967744,74.78461538461539,74.78461538461539,972.2,0.0,1.0,0.0,-74.0,,declining
23p-222@62j-sj2-t35,2022-08-01,2022-09-01,2022,8,2022-08,31,203.47,5,4,32.72,37.04,6.563548387096774,0.16129032258064516,0.12903225806451613,50.8675,40.694,203.47,0.0,1.0,0.0,-42.0,-74.0,declining
23y-222@62j-sj2-syv,2022-08-01,2022-09-01,2022,8,2022-08,31,54.14,2,2,27.07,27.07,1.746451612903226,0.06451612903225806,0.06451612903225806,27.07,27.07,0.0,54.14,0.0,1.0,,-57.0,
247-223@62j-sj3-9fz,2022-08-01,2022-09-01,2022,8,2022-08,31,733.68,26,21,28.11,27.62,23.667096774193546,0.8387096774193549,0.6774193548387096,34.93714285714285,28.218461538461536,0.0,733.68,0.0,1.0,1.0,,growing
222-222@62j-sj4-t9z,2022-08-01,2022-09-01,2022,8,2022-08,31,130.0,2,2,65.0,65.0,4.193548387096774,0.06451612903225806,0.06451612903225806,65.0,65.0,0.0,130.0,0.0,1.0,,,
25j-222@62j-sjv-9fz,2022-08-01,2022-09-01,2022,8,2022-08,31,284.57,5,5,8.95,8.95,9.179677419354839,0.16129032258064516,0.16129032258064516,56.914,56.914,0.0,284.57,0.0,1.0,,795.0,
zzw-223@62j-sjs-575,2022-08-01,2022-09-01,2022,8,2022-08,31,891.73,94,42,7.92,12.21,28.765483870967742,3.032258064516129,1.3548387096774193,21.231666666666666,9.486489361702128,0.0,891.73,0.0,1.0,46.0,8.0,growing
228-223@62j-sjv-99f,2022-08-01,2022-09-01,2022,8,2022-08,31,690.0,7,6,92.0,113.0,22.258064516129032,0.22580645161290322,0.1935483870967742,115.0,98.57142857142857,0.0,690.0,0.0,1.0,27.0,-24.0,growing
222-224@62j-sjt-68v,2022-08-01,2022-09-01,2022,8,2022-08,31,153.91,9,8,19.32,14.97,4.964838709677419,0.2903225806451613,0.25806451612903225,19.23875,17.10111111111111,153.91,0.0,1.0,0.0,196.0,,growing
228-222@62j-sjv-b6k,2022-08-01,2022-09-01,2022,8,2022-08,31,1958.68,145,99,9.1,13.65,63.18322580645162,4.67741935483871,3.193548387096774,19.784646464646464,13.508137931034483,13.37,1945.3100000000002,0.006826025690771335,0.9931739743092287,5.0,15.0,growing
236-223@62j-sjv-bc5,2022-08-01,2022-09-01,2022,8,2022-08,31,180.6,4,4,51.5,51.5,5.825806451612903,0.12903225806451613,0.12903225806451613,45.15,45.15,0.0,180.6,0.0,1.0,,-6.0,
236-222@62j-sjv-bc5,2022-08-01,2022-09-01,2022,8,2022-08,31,22895.26,1204,790,9.63,14.88,738.5567741935483,38.83870967741935,25.483870967741936,28.981341772151897,19.015996677740862,2830.89,20064.37,0.12364524360064048,0.8763547563993596,46.0,80.0,growing
25r-222@62j-shx-h3q,2022-08-01,2022-09-01,2022,8,2022-08,31,5943.71,59,56,53.86,62.63,191.73258064516128,1.903225806451613,1.8064516129032258,106.13767857142857,100.74084745762713,0.0,5943.71,0.0,1.0,17.0,,growing
265-222@62j-sj2-89z,2022-08-01,2022-09-01,2022,8,2022-08,31,906.17,3,2,275.72,453.09,29.231290322580644,0.0967741935483871,0.06451612903225806,453.085,302.0566666666667,906.17,0.0,1.0,0.0,,-46.0,
22f-222@62j-sk2-tn5,2022-08-01,2022-09-01,2022,8,2022-08,31,119.0,2,2,59.5,59.5,3.838709677419355,0.06451612903225806,0.06451612903225806,59.5,59.5,89.0,30.0,0.7478991596638656,0.25210084033613445,,-72.0,
22g-222@62j-sj2-sh5,2022-08-01,2022-09-01,2022,8,2022-08,31,2500.0,5,3,500.0,1000.0,80.64516129032258,0.16129032258064516,0.0967741935483871,833.3333333333334,500.0,0.0,2500.0,0.0,1.0,,,
25h-222@62j-sgg-jvz,2022-08-01,2022-09-01,2022,8,2022-08,31,1326.94,60,27,16.21,24.98,42.80451612903226,1.935483870967742,0.8709677419354839,49.14592592592593,22.115666666666666,0.0,1326.94,0.0,1.0,-71.0,27.0,declining
zzw-225@62j-shx-k9f,2022-08-01,2022-09-01,2022,8,2022-08,31,302.05,41,36,7.48,7.9,9.743548387096775,1.3225806451612903,1.1612903225806452,8.390277777777778,7.367073170731707,0.0,302.05,0.0,1.0,-29.0,-35.0,declining
225-225@62j-sgg-fpv,2022-08-01,2022-09-01,2022,8,2022-08,31,8066.01,54,46,12.85,21.2,260.19387096774193,1.7419354838709677,1.4838709677419355,175.34804347826088,149.37055555555557,48.0,8018.01,0.005950897655718255,0.9940491023442818,43.0,-26.0,growing
22t-222@62j-sj2-p35,2022-08-01,2022-09-01,2022,8,2022-08,31,3135.23,218,148,12.57,13.67,101.13645161290323,7.032258064516129,4.774193548387097,21.183986486486486,14.381788990825688,9.2,3126.03,0.0029343939679066606,0.9970656060320934,22.0,85.0,growing
222-223@62j-sjv-brk,2022-08-01,2022-09-01,2022,8,2022-08,31,546.42,26,20,15.0,16.4,17.626451612903224,0.8387096774193549,0.6451612903225806,27.320999999999998,21.016153846153845,26.5,519.92,0.04849749277112844,0.9515025072288715,-29.0,50.0,declining
245-222@62j-sjv-c5z,2022-08-01,2022-09-01,2022,8,2022-08,31,2895.59,172,82,12.75,18.62,93.40612903225806,5.548387096774194,2.6451612903225805,35.31207317073171,16.83482558139535,0.0,2895.59,0.0,1.0,-47.0,37.0,declining
224-222@62j-sj2-54v,2022-08-01,2022-09-01,2022,8,2022-08,31,5768.3,10,8,190.31,235.28,186.07419354838711,0.3225806451612903,0.25806451612903225,721.0375,576.83,0.0,5768.3,0.0,1.0,162.0,-6.0,growing
27g-223@62j-sj2-jqf,2022-08-01,2022-09-01,2022,8,2022-08,31,5678.05,103,81,48.85,53.78,183.16290322580645,3.3225806451612905,2.6129032258064515,70.09938271604939,55.126699029126215,0.0,5678.05,0.0,1.0,2.0,94.0,growing
zzw-222@62j-sj2-pgk,2022-08-01,2022-09-01,2022,8,2022-08,31,594.23,48,30,12.04,14.39,19.168709677419354,1.5483870967741935,0.967741935483871,19.807666666666666,12.379791666666668,0.0,594.23,0.0,1.0,-38.0,69.0,declining
zzy-222@62j-sjv-8qf,2022-08-01,2022-09-01,2022,8,2022-08,31,650.65,12,9,42.19,71.57,20.988709677419354,0.3870967741935484,0.2903225806451613,72.29444444444444,54.22083333333333,0.0,650.65,0.0,1.0,6.0,,growing
zzw-222@62j-sk2-v2k,2022-08-01,2022-09-01,2022,8,2022-08,31,7753.56,184,132,25.58,32.94,250.11483870967743,5.935483870967742,4.258064516129032,58.73909090909091,42.13891304347826,0.0,7753.56,0.0,1.0,-18.0,29.0,declining
zzw-223@62j-shx-gx5,2022-08-01,2022-09-01,2022,8,2022-08,31,7783.54,166,90,14.68,38.21,251.08193548387098,5.354838709677419,2.903225806451613,86.48377777777777,46.888795180722894,5604.63,2178.91,0.7200618227695882,0.2799381772304118,-41.0,55.0,declining
zzy-222@62j-sjs-435,2022-08-01,2022-09-01,2022,8,2022-08,31,13634.9,235,191,41.43,47.79,439.8354838709677,7.580645161290323,6.161290322580645,71.38691099476439,58.02085106382979,105.53,13529.369999999999,0.007739697394186977,0.992260302605813,20.0,-23.0,growing
